,timeCode,blendShapes.EyeBlinkLeft,blendShapes.EyeLookDownLeft,blendShapes.EyeLookInLeft,blendShapes.EyeLookOutLeft,blendShapes.EyeLookUpLeft,blendShapes.EyeSquintLeft,blendShapes.EyeWideLeft,blendShapes.EyeBlinkRight,blendShapes.EyeLookDownRight,blendShapes.EyeLookInRight,blendShapes.EyeLookOutRight,blendShapes.EyeLookUpRight,blendShapes.EyeSquintRight,blendShapes.EyeWideRight,blendShapes.JawForward,blendShapes.JawLeft,blendShapes.JawRight,blendShapes.JawOpen,blendShapes.MouthClose,blendShapes.MouthFunnel,blendShapes.MouthPucker,blendShapes.MouthLeft,blendShapes.MouthRight,blendShapes.MouthSmileLeft,blendShapes.MouthSmileRight,blendShapes.MouthFrownLeft,blendShapes.MouthFrownRight,blendShapes.MouthDimpleLeft,blendShapes.MouthDimpleRight,blendShapes.MouthStretchLeft,blendShapes.MouthStretchRight,blendShapes.MouthRollLower,blendShapes.MouthRollUpper,blendShapes.MouthShrugLower,blendShapes.MouthShrugUpper,blendShapes.MouthPressLeft,blendShapes.MouthPressRight,blendShapes.MouthLowerDownLeft,blendShapes.MouthLowerDownRight,blendShapes.MouthUpperUpLeft,blendShapes.MouthUpperUpRight,blendShapes.BrowDownLeft,blendShapes.BrowDownRight,blendShapes.BrowInnerUp,blendShapes.BrowOuterUpLeft,blendShapes.BrowOuterUpRight,blendShapes.CheekPuff,blendShapes.CheekSquintLeft,blendShapes.CheekSquintRight,blendShapes.NoseSneerLeft,blendShapes.NoseSneerRight,blendShapes.TongueOut,blendShapes.HeadRoll,blendShapes.HeadPitch,blendShapes.HeadYaw
0,0.0,0.0,0.0,0.0,0.0,0.0,0.0,0.00023422512458637357,0.0,0.0,0.0,0.0,0.0,0.0,0.0006123078055679798,0.0296027772128582,0.002502617659047246,0.0005790267023257911,0.0,0.04350079968571663,0.0,0.0,0.0,0.0,0.004050099290907383,0.0006055619451217353,0.005161698907613754,0.009168170392513275,0.017992323264479637,0.012479121796786785,0.001562093966640532,0.0007248265901580453,0.02533966861665249,0.018989985808730125,0.03846634924411774,0.0,0.0,0.0015082608442753553,0.02151837944984436,0.01708151213824749,0.0,0.0,1.3316455806489103e-05,0.0,0.0,0.019934648647904396,0.021954689174890518,0.0,0.0,0.0,0.0,0.0,0.0,0.0,0.0,0.0
1,0.03333333333333333,0.0,0.0,0.0,0.0,0.0,0.0,0.008997058495879173,0.0,0.0,0.0,0.0,0.0,0.0,0.009148843586444855,0.01917458325624466,0.008524389937520027,0.0,0.01025888230651617,0.056365590542554855,0.0,0.0,0.0006245260592550039,0.0,0.08011343330144882,0.07347957044839859,0.009422184899449348,0.01598740927875042,0.0407923199236393,0.031643323600292206,0.016520395874977112,0.015034263022243977,0.028916699811816216,0.023451995104551315,0.0,0.0,0.0,0.0,0.053592879325151443,0.048817750066518784,0.03316498547792435,0.02344340831041336,0.0,0.0,0.0338742695748806,0.0854044109582901,0.08724527806043625,0.0,0.008715726435184479,0.0,0.0034309213515371084,0.0,0.0,0.0,0.0,0.0
2,0.06666666666666667,0.0,0.0,0.0,0.0,0.0,0.0,0.013191496953368187,0.0,0.0,0.0,0.0,0.0,0.0,0.013428444974124432,0.026196448132395744,0.004788029473274946,0.0005930524202995002,0.026629513129591942,0.0668642595410347,0.0,0.0,0.0016625833231955767,0.0,0.0787358433008194,0.07501819729804993,0.006396138574928045,0.01195618323981762,0.025375552475452423,0.01905953884124756,0.016237011179327965,0.015373381786048412,0.003578568808734417,0.018385428935289383,0.0,0.0,0.0,0.0,0.04328754544258118,0.04079790040850639,0.012282708659768105,0.004386461805552244,0.0,0.0,0.046885740011930466,0.10625915229320526,0.10877670347690582,0.0007300479337573051,0.007664446718990803,0.0,0.003030437743291259,0.0,0.0,0.0,0.0,0.0
3,0.1,0.0,0.0,0.0,0.0,0.0,0.0,0.01487237960100174,0.0,0.0,0.0,0.0,0.0,0.0,0.015229621902108192,0.04531344398856163,0.0001031941719702445,0.0003725791466422379,0.08402944356203079,0.07679260522127151,0.0,0.0,0.002821860369294882,0.0,0.0718572661280632,0.06837795674800873,0.002091609174385667,0.006376900710165501,0.015137153677642345,0.011162837035953999,0.015598206780850887,0.014803831465542316,0.0,0.018335402011871338,0.0,0.0,0.0,0.001452821190468967,0.04871205613017082,0.04614270478487015,0.005184920970350504,0.0,0.0001721867884043604,0.0,0.04910782352089882,0.11115618050098419,0.1140161082148552,0.0027594787534326315,0.006342615466564894,3.834204107988626e-05,0.0034121789503842592,0.0,0.0,0.0,0.0,0.0
4,0.13333333333333333,0.0,0.0,0.0,0.0,0.0,0.0,0.015067702159285545,0.0,0.0,0.0,0.0,0.0,0.0,0.01546843908727169,0.07454106211662292,0.0,0.004097231198102236,0.18923255801200867,0.07056550681591034,0.0,0.0,0.003687628312036395,0.0001587753213243559,0.06562910228967667,0.06123236566781998,0.0,0.003282650141045451,0.015013539232313633,0.012370992451906204,0.016018489375710487,0.0150629673153162,0.0,0.017736751586198807,0.0,0.0,0.0,0.0031707051675766706,0.07549028843641281,0.07247322052717209,0.005849848967045546,0.0,0.0005521911662071943,0.0,0.046448446810245514,0.11165594309568405,0.11454468965530396,0.0035024431999772787,0.011532454751431942,0.006422868929803371,0.005340186413377523,0.0014519054675474763,0.0,0.0,0.0,0.0
5,0.16666666666666666,0.0,0.0,0.0,0.0,0.0,0.0,0.014414951205253601,0.0,0.0,0.0,0.0,0.0,0.0,0.014832922257483006,0.09933771938085556,0.0,0.006745280232280493,0.25516214966773987,0.05912322551012039,0.0,0.0,0.004529046826064587,0.00036105685285292566,0.05559834465384483,0.05144235119223595,0.0007384444470517337,0.00331689789891243,0.01498489547520876,0.01398838497698307,0.015501737594604492,0.014614581130445004,0.0,0.014507177285850048,0.0,0.0,0.0,0.005654207430779934,0.09633889049291611,0.09356053918600082,0.0069580525159835815,0.0007886128732934594,0.0009636586182750762,0.0,0.04043172672390938,0.10672324150800705,0.10951966792345047,0.004416699055582285,0.010911742225289345,0.006596826482564211,0.006222641561180353,0.002288695191964507,0.0,0.0,0.0,0.0
6,0.2,0.0,0.0,0.0,0.0,0.0,0.0,0.01341051422059536,0.0,0.0,0.0,0.0,0.0,0.0,0.013873262330889702,0.11290028691291809,0.0,0.00740064075216651,0.278401255607605,0.04459096118807793,0.0,0.0,0.00510373804718256,0.0001561839453643188,0.04823599383234978,0.044166725128889084,0.002291447948664427,0.0044488986022770405,0.01586482860147953,0.01538396067917347,0.015241225250065327,0.014379232190549374,0.0,0.010712441988289356,0.0,0.0,0.0,0.008323997259140015,0.10460259020328522,0.10107296705245972,0.015518014319241047,0.010266813449561596,0.0017505884170532227,0.0005380064249038696,0.033824365586042404,0.10035742819309235,0.10327774286270142,0.00210253125987947,0.005298996344208717,0.001668096287176013,0.00826005544513464,0.004731486551463604,0.0,0.0,0.0,0.0
7,0.23333333333333334,0.0,0.0,0.0,0.0,0.0,0.0,0.012174438685178757,0.0,0.0,0.0,0.0,0.0,0.0,0.012728557921946049,0.10403548926115036,0.0,0.004239358007907867,0.20526747405529022,0.04723460227251053,0.0,0.0,0.004009262192994356,0.0,0.03852197155356407,0.036305755376815796,0.0036276932805776596,0.006640811916440725,0.014239855110645294,0.012992900796234608,0.0133815323933959,0.012789654545485973,0.015503774397075176,0.010771001689136028,0.0,0.001613701693713665,0.0,0.0069282143376767635,0.10025980323553085,0.096102274954319,0.010796879418194294,0.006432378198951483,0.0029197707772254944,0.0015701651573181152,0.027549665421247482,0.09400434792041779,0.09701190888881683,0.003476606449112296,0.0028910075780004263,0.0,0.0030451396014541388,0.0,0.0,0.0,0.0,0.0
8,0.26666666666666666,9.487659553997219e-06,0.0,0.0,0.0,0.0,0.0,0.010924811474978924,0.0,0.0,0.0,0.0,0.0,0.0,0.011492078192532063,0.1011965423822403,0.0008383357198908925,0.0018306724959984422,0.16303905844688416,0.05814865976572037,0.024942247197031975,0.0,0.0030832523480057716,0.0,0.032851509749889374,0.029875779524445534,0.009783041663467884,0.012689366936683655,0.01447894424200058,0.013056272640824318,0.011905006133019924,0.01110778097063303,0.017999820411205292,0.0075759016908705235,0.0,0.006434553302824497,0.0,0.00656438572332263,0.1053856760263443,0.10089784860610962,0.007821894250810146,0.002011463511735201,0.002018231898546219,0.0006777867674827576,0.023646095767617226,0.0906214639544487,0.09350179880857468,0.005726727191358805,0.0029958831146359444,0.0,0.002094093943014741,0.0,0.0,0.0,0.0,0.0
9,0.3,0.00010503274825168774,0.0,0.0,0.0,0.0,0.0,0.0098151545971632,0.0,0.0,0.0,0.0,0.0,0.0,0.010394955985248089,0.10153672099113464,0.003018744057044387,0.0006300538661889732,0.13192884624004364,0.060265593230724335,0.07054128497838974,0.0,0.0026276258286088705,0.0,0.036059826612472534,0.031796183437108994,0.015586556866765022,0.018961112946271896,0.022722424939274788,0.020387286320328712,0.012188713997602463,0.011029358021914959,0.01920420676469803,0.0027035819366574287,0.0,0.01643941178917885,0.0,0.006595104467123747,0.12771067023277283,0.12278103083372116,0.018993591889739037,0.010193128138780594,0.001151029602624476,0.0,0.022248243913054466,0.0889892727136612,0.09178083389997482,0.005499307531863451,0.005050125066190958,0.0,0.0026312884874641895,0.0,0.0,0.0,0.0,0.0
10,0.3333333333333333,0.0003190143033862114,0.0,0.0,0.0,0.0,0.0,0.008575838059186935,0.0,0.0,0.0,0.0,0.0,0.0,0.00913918949663639,0.0958893746137619,0.003537671407684684,0.0005328843253664672,0.07223201543092728,0.04422293230891228,0.12585414946079254,0.0,0.0034450527746230364,0.0,0.03978942707180977,0.03523828461766243,0.0128882871940732,0.01630912348628044,0.029590904712677002,0.026928700506687164,0.012625924311578274,0.011366487480700016,0.027604680508375168,0.0025529651902616024,0.0,0.027359142899513245,0.0,0.007395525928586721,0.14843355119228363,0.14326122403144836,0.03854594752192497,0.02865472435951233,0.0008932424825616181,0.0,0.019421594217419624,0.089080311357975,0.09181244671344757,0.005472388584166765,0.007428211625665426,0.0,0.0033854783978313208,0.0,0.0,0.0,0.0,0.0
11,0.36666666666666664,0.0004915337194688618,0.0,0.0,0.0,0.0,0.0,0.0071298000402748585,0.0,0.0,0.0,0.0,0.0,0.0,0.007697403430938721,0.09293145686388016,0.0025194138288497925,0.001623028889298439,0.02570444345474243,0.02622372843325138,0.17580044269561768,0.0,0.0033233053982257843,0.0,0.044694531708955765,0.04164668545126915,0.007060300093144178,0.011357782408595085,0.03728189319372177,0.034893885254859924,0.013623557984828949,0.012598513625562191,0.03490558639168739,0.003803109982982278,0.00027752103051170707,0.03683382272720337,0.0,0.006066551897674799,0.17411501705646515,0.17051416635513306,0.06410957127809525,0.052568044513463974,0.000573943427298218,0.0,0.015409138984978199,0.09214826673269272,0.09460225701332092,0.00452506123110652,0.00954414065927267,0.0,0.00489944638684392,0.0,0.0,0.0,0.0,0.0
12,0.4,0.00021531865058932453,0.0,0.0,0.0,0.0,0.0,0.007301378529518843,0.0,0.0,0.0,0.0,0.0,0.0,0.007993869483470917,0.09628576040267944,0.000716864422429353,0.0038434546440839767,0.0,0.0,0.23764269053936005,0.0,0.005297429393976927,0.0002745724923443049,0.04561794549226761,0.04381714388728142,0.0,0.004008901305496693,0.055098824203014374,0.050801102072000504,0.01570766791701317,0.014906950294971466,0.036547910422086716,0.000856780621688813,0.038773518055677414,0.047266341745853424,0.0,0.004606532398611307,0.19477184116840363,0.18952976167201996,0.10751109570264816,0.09656058251857758,0.0,0.0,0.015415970236063004,0.12057264894247055,0.12352782487869263,0.0018402341520413756,0.02347487211227417,0.013774678111076355,0.010235418565571308,0.004367537330836058,0.0,0.0,0.0,0.0
13,0.43333333333333335,0.00020147817849647254,0.0,0.0,0.0,0.0,0.0,0.007721114903688431,0.0,0.0,0.0,0.0,0.0,0.0,0.008578472770750523,0.09209153801202774,0.0,0.006659999024122953,0.0,0.0,0.2977544963359833,0.0,0.006539189722388983,0.0006731803878210485,0.04124820604920387,0.04072996601462364,0.0,0.002501267706975341,0.06375960260629654,0.059942614287137985,0.01655179262161255,0.016058122739195824,0.02875988557934761,0.0017840724904090166,0.06496184319257736,0.052449245005846024,0.0,0.004271584562957287,0.20796270668506622,0.20297566056251526,0.1352035105228424,0.1257745623588562,0.0,0.0,0.015368640422821045,0.15210838615894318,0.1557215303182602,0.002803072100505233,0.031892821192741394,0.023527339100837708,0.007905088365077972,0.0027057076804339886,0.0,0.0,0.0,0.0
14,0.4666666666666667,0.0003500302555039525,0.0,0.0,0.0,0.0,0.0,0.008614493533968925,0.0,0.0,0.0,0.0,0.0,0.0,0.0096227852627635,0.08176751434803009,0.0,0.008869767189025879,0.001820803270675242,0.00927732978016138,0.37244555354118347,0.0,0.0066347853280603886,0.0,0.04024333506822586,0.040567703545093536,0.0,0.00304313562810421,0.05034596472978592,0.04923189803957939,0.015587344765663147,0.0153665691614151,0.016808385029435158,0.00950841885060072,0.04465441405773163,0.05071535333991051,0.0,0.00360092893242836,0.21903860569000244,0.21873287856578827,0.13980743288993835,0.1290687769651413,0.0,0.0,0.01840633898973465,0.1801222711801529,0.18415367603302002,0.008932734839618206,0.02844945527613163,0.021377362310886383,0.0035636257380247116,0.0,0.0,0.0,0.0,0.0
15,0.5,0.0003146559465676546,0.0,0.0,0.0,0.0,0.0,0.009738962166011333,0.0,0.0,0.0,0.0,0.0,0.0,0.010823317803442478,0.08770143985748291,0.002469137776643038,0.008338507264852524,0.035693272948265076,0.04335564002394676,0.4250752627849579,0.0,0.006182727869600058,0.0,0.04540532827377319,0.046537723392248154,0.011183465830981731,0.014620603993535042,0.03911949694156647,0.03928754851222038,0.015409502200782299,0.015335503034293652,0.0041526616550982,0.012287357822060585,0.01930384524166584,0.047987550497055054,0.0,0.0022983376402407885,0.23263254761695862,0.23509418964385986,0.14272372424602509,0.1313103288412094,0.0002909110626205802,0.0,0.02256157621741295,0.20176318287849426,0.20614157617092133,0.011676187627017498,0.022588113322854042,0.01583680883049965,0.0033454447984695435,0.0,0.0,0.0,0.0,0.0
16,0.5333333333333333,7.359957089647651e-05,0.0,0.0,0.0,0.0,0.0,0.011827722191810608,0.0,0.0,0.0,0.0,0.0,0.0,0.012934216298162937,0.0765693336725235,0.004009661730378866,0.006465882062911987,0.03349022939801216,0.06994237005710602,0.47486600279808044,0.0,0.006203805096447468,0.0,0.044346313923597336,0.047032903879880905,0.014691437594592571,0.01902882196009159,0.029129186645150185,0.029228754341602325,0.013506102375686169,0.013696660287678242,0.0025427951477468014,0.017217515036463737,0.015797054395079613,0.04450229927897453,0.0,0.001746083260513842,0.22868381440639496,0.2314162254333496,0.13672976195812225,0.12667767703533173,0.0004381821199785918,0.0,0.027974653989076614,0.22035780549049377,0.22484993934631348,0.014587772078812122,0.016516730189323425,0.009905529208481312,0.003189463634043932,0.0,0.0,0.0,0.0,0.0
17,0.5666666666666667,0.0,0.0,0.0,0.0,0.0,0.0,0.016004107892513275,0.0,0.0,0.0,0.0,0.0,0.0,0.017047405242919922,0.05753263831138611,0.009988549165427685,0.007372796535491943,0.0004607848823070526,0.10560888797044754,0.6275684237480164,0.06901533156633377,0.005960995797067881,0.0,0.039477914571762085,0.03755280748009682,0.027618998661637306,0.034008678048849106,0.019002093002200127,0.015751054510474205,0.009370687417685986,0.00859784334897995,0.0,0.02067693881690502,0.017784299328923225,0.0361497700214386,0.0027580768801271915,0.007491059601306915,0.2188970297574997,0.2183266133069992,0.10102856159210205,0.08585210144519806,0.0,0.0,0.039742499589920044,0.2410677671432495,0.24527503550052643,0.027232429012656212,0.007094810251146555,0.0,0.002080725273117423,0.0,0.0,0.0,0.0,0.0
18,0.6,0.0,0.0,0.0,0.0,0.0,0.0,0.020853156223893166,0.0,0.0,0.0,0.0,0.0,0.0,0.021846771240234375,0.04444099962711334,0.015475851483643055,0.009627080522477627,0.0,0.1041095107793808,0.7350324392318726,0.1341211199760437,0.007226924877613783,0.0,0.03745638206601143,0.03171553462743759,0.03863976523280144,0.04528844356536865,0.011194055899977684,0.005865416955202818,0.00561315193772316,0.004159500356763601,0.0,0.026437273249030113,0.033694587647914886,0.02770567499101162,0.007381379138678312,0.01650756224989891,0.1894938051700592,0.18579740822315216,0.06398437172174454,0.049142107367515564,9.841227438300848e-05,0.0,0.05166807398200035,0.2581866383552551,0.26259300112724304,0.033790212124586105,0.005397684406489134,0.0,0.0013247206807136536,0.0,0.0,0.0,0.0,0.0
19,0.6333333333333333,0.0,0.0,0.0,0.0,0.0,0.0,0.0253483597189188,0.0,0.0,0.0,0.0,0.0,0.0,0.02629062905907631,0.03246178850531578,0.022684535011649132,0.01210587564855814,0.0,0.11288963258266449,0.814143180847168,0.13958802819252014,0.007355434354394674,0.0,0.04580020532011986,0.038137760013341904,0.053109269589185715,0.06076715141534805,0.006958056706935167,0.0,0.0032213625963777304,0.0013767596101388335,0.0,0.020864160731434822,0.02412758767604828,0.024792997166514397,0.0,0.00937235914170742,0.1597626656293869,0.15511903166770935,0.04019339010119438,0.024449355900287628,0.00032963455305434763,0.0,0.060681212693452835,0.26981183886528015,0.2742020785808563,0.03564294055104256,0.0047586839646101,0.0,0.0015891960356384516,0.0,0.0,0.0,0.0,0.0
20,0.6666666666666666,0.0,0.0,0.0,0.0,0.0,0.0,0.029745761305093765,0.0,0.0,0.0,0.0,0.0,0.0,0.030659634619951248,0.025229403749108315,0.028352266177535057,0.014955137856304646,0.0,0.10883424431085587,0.8498151302337646,0.16941243410110474,0.008174920454621315,0.0,0.05066627264022827,0.042838092893362045,0.061695899814367294,0.06996795535087585,0.00780724361538887,0.0,0.0017500248504802585,0.0,0.0,0.01828608848154545,0.02849845588207245,0.022585276514291763,0.0006243274547159672,0.009090589359402657,0.11614475399255753,0.10983385890722275,0.017671091482043266,0.003989856690168381,0.0006761751137673855,0.0,0.06682927161455154,0.2775237560272217,0.28200799226760864,0.03459355607628822,0.004135524854063988,0.0,0.0015515375416725874,0.0,0.0,0.0,0.0,0.0
21,0.7,0.0,0.0,0.0,0.0,0.0,0.0,0.033398114144802094,0.0,0.0,0.0,0.0,0.0,0.0,0.034399837255477905,0.018291566520929337,0.035049404948949814,0.016101635992527008,0.0,0.09089353680610657,0.8502733111381531,0.19906412065029144,0.008096485398709774,0.0,0.050260644406080246,0.042152564972639084,0.06893660873174667,0.07601412385702133,0.008478554897010326,0.0,0.0015594017459079623,0.0,0.0,0.015915192663669586,0.03836433216929436,0.021235143765807152,0.006407903041690588,0.014645724557340145,0.06698431819677353,0.05772711709141731,0.005791825708001852,0.0,0.001364380121231079,0.0,0.06922466307878494,0.27785658836364746,0.28290149569511414,0.031323738396167755,0.0014042891561985016,0.0,0.0,0.0,0.0,0.0,0.0,0.0
22,0.7333333333333333,0.0,0.0,0.0,0.0,0.0,0.0,0.03598896786570549,0.0,0.0,0.0,0.0,0.0,0.0,0.03706313669681549,0.0070331646129488945,0.04232809692621231,0.017138047143816948,0.0,0.05442139506340027,0.8479098677635193,0.15204447507858276,0.007870065048336983,0.0,0.054276276379823685,0.044791460037231445,0.07137402147054672,0.07739479839801788,0.01063157245516777,0.0,0.001830114284530282,0.0,0.0,0.020977934822440147,0.057943664491176605,0.019719647243618965,0.012188782915472984,0.021213186904788017,0.036909230053424835,0.024222005158662796,0.0004984666593372822,0.0,0.001872270368039608,0.0,0.06824307888746262,0.27296367287635803,0.27828720211982727,0.027062270790338516,0.0004347806388977915,0.0,0.0,0.0,0.0,0.0,0.0,0.0
23,0.7666666666666667,0.0,0.0,0.0,0.0,0.0,0.0,0.03797895833849907,0.0,0.0,0.0,0.0,0.0,0.0,0.03915847837924957,0.0,0.044354137033224106,0.019812382757663727,0.0,0.008342276327311993,0.8371768593788147,0.07435581833124161,0.007295521441847086,0.0,0.06274723261594772,0.05422986298799515,0.06035405397415161,0.0630815401673317,0.010567670688033104,0.0023229350335896015,0.002264420734718442,0.0006103915511630476,0.0,0.03783274069428444,0.08023630827665329,0.020348824560642242,0.020299604162573814,0.0316043458878994,0.022047244012355804,0.010207398794591427,0.0,0.0012655493337661028,0.0016735239187255502,0.0,0.06908261775970459,0.27703794836997986,0.28249457478523254,0.021645966917276382,0.0004134141781833023,0.0,0.0,0.0,0.0,0.0,0.0,0.0
24,0.8,0.00010689653572626412,0.0,0.0,0.0,0.0,0.0,0.03933543339371681,0.0,0.0,0.0,0.0,0.0,0.0,0.040588147938251495,0.012640845030546188,0.04438064992427826,0.022249585017561913,0.0,0.0,0.8601621389389038,0.004250125028192997,0.008151168003678322,0.0,0.06780260056257248,0.05964372307062149,0.03147125244140625,0.035553939640522,0.021794293075799942,0.011149383150041103,0.004012536723166704,0.0023909856099635363,0.0,0.03949339687824249,0.11092928797006607,0.02609242871403694,0.017195582389831543,0.026331910863518715,0.014491378329694271,0.0,0.019421139732003212,0.023031948134303093,0.0014566088793799281,0.0,0.07046155631542206,0.28709444403648376,0.29266491532325745,0.01665441319346428,0.011018242686986923,0.009554622694849968,0.0,0.0,0.0,0.0,0.0,0.0
25,0.8333333333333334,0.00031590196886099875,0.0,0.0,0.0,0.0,0.0,0.04001672938466072,0.0,0.0,0.0,0.0,0.0,0.0,0.04141263663768768,0.0388711653649807,0.041017647832632065,0.024272851645946503,0.0,0.0,0.8466551899909973,0.0,0.008372722193598747,0.00047741876915097237,0.07165922224521637,0.0659090206027031,0.0,0.004813370760530233,0.05003459006547928,0.035466358065605164,0.00862035620957613,0.007398678455501795,0.0,0.03745519369840622,0.15410321950912476,0.03280903026461601,0.0004917994374409318,0.004340645857155323,0.028669649735093117,0.010787454433739185,0.06267806887626648,0.06924273073673248,0.001633471343666315,0.0,0.0737985298037529,0.2964271008968353,0.302446186542511,0.008250391110777855,0.03605683520436287,0.03428143635392189,0.005244032479822636,0.006004796829074621,0.0,0.0,0.0,0.0
26,0.8666666666666667,0.00039504937012679875,0.0,0.0,0.0,0.0,0.0,0.039452120661735535,0.0,0.0,0.0,0.0,0.0,0.0,0.04090794175863266,0.05262545123696327,0.03793363645672798,0.025593280792236328,0.0,0.0,0.8038247227668762,0.0,0.007500973530113697,0.003695156890898943,0.07436638325452805,0.07202817499637604,0.0,0.0023061304818838835,0.06728895008563995,0.05281179025769234,0.013524728827178478,0.012950691394507885,0.0,0.028177862986922264,0.1330409049987793,0.036219608038663864,0.0,0.0,0.05690887197852135,0.04039018973708153,0.10340218991041183,0.11041603237390518,0.001764867571182549,0.0,0.07735279202461243,0.30423760414123535,0.31048935651779175,0.004101976286619902,0.050781264901161194,0.04868995025753975,0.013380116783082485,0.013327124528586864,0.0,0.0,0.0,0.0
27,0.9,0.00039881293196231127,0.0,0.0,0.0,0.0,0.0,0.03849199786782265,0.0,0.0,0.0,0.0,0.0,0.0,0.03997940197587013,0.0632016509771347,0.033019211143255234,0.025911036878824234,0.0,0.0,0.689812958240509,0.0,0.006087491754442453,0.005472948774695396,0.08476244658231735,0.08457478135824203,0.0,0.0,0.07188405841588974,0.06382887065410614,0.019567592069506645,0.019686847925186157,0.0,0.018712718039751053,0.08196330815553665,0.0368487648665905,0.0,0.0,0.09274086356163025,0.08245619386434555,0.14266666769981384,0.15143488347530365,0.0021381007973104715,0.0,0.08235611766576767,0.3080635368824005,0.31464096903800964,0.0,0.05855870619416237,0.05919265374541283,0.02300257980823517,0.02473585680127144,0.0,0.0,0.0,0.0
28,0.9333333333333333,0.0003153985599055886,0.0,0.0,0.0,0.0,0.0,0.03725643828511238,0.0,0.0,0.0,0.0,0.0,0.0,0.038695141673088074,0.0636478140950203,0.02731121890246868,0.023189052939414978,0.0,0.0,0.4870116412639618,0.0,0.0037566721439361572,0.005967846605926752,0.10496693849563599,0.10568632185459137,0.0,0.0,0.06349432468414307,0.06423534452915192,0.026374975219368935,0.027012169361114502,0.0,0.009056133218109608,0.002332546981051564,0.039299603551626205,0.0,0.001749831484630704,0.13498418033123016,0.13351814448833466,0.18098267912864685,0.19171416759490967,0.0024409350007772446,0.0,0.08642169833183289,0.31061968207359314,0.317369282245636,0.0,0.05369369313120842,0.05800721421837807,0.03055131807923317,0.03556143492460251,0.0,0.0,0.0,0.0
29,0.9666666666666667,0.0001851031993282959,0.0,0.0,0.0,0.0,0.0,0.03581353649497032,0.0,0.0,0.0,0.0,0.0,0.0,0.037138450890779495,0.0761309489607811,0.021890409290790558,0.0184286218136549,0.05219477042555809,0.0,0.33520299196243286,0.0,0.001312319072894752,0.0037915760185569525,0.1053159236907959,0.10680856555700302,0.0014625326730310917,0.0,0.05270016938447952,0.05681278184056282,0.029299316927790642,0.03003701940178871,0.0,0.01080608181655407,0.0,0.039774082601070404,0.0,0.0012032513041049242,0.17670729756355286,0.17855975031852722,0.19087296724319458,0.19954650104045868,0.0024661163333803415,0.0,0.08870925009250641,0.31098672747612,0.31741029024124146,0.0,0.04553103446960449,0.04945916682481766,0.029098132625222206,0.03358209505677223,0.0,0.0,0.0,0.0
30,1.0,0.0002094236551783979,0.0,0.0,0.0,0.0,0.0,0.03497209772467613,0.0,0.0,0.0,0.0,0.0,0.0,0.03625514730811119,0.07459823787212372,0.01830221898853779,0.015207518823444843,0.049243535846471786,0.033457446843385696,0.35274749994277954,0.0,0.001244162442162633,0.00282725365832448,0.0886281356215477,0.09157093614339828,0.0010661485139280558,0.0,0.03817002847790718,0.04323447123169899,0.026208002120256424,0.026935631409287453,0.005125857423990965,0.014969179406762123,0.0,0.0389409102499485,0.0,0.0030446057207882404,0.19773930311203003,0.20148637890815735,0.17142584919929504,0.17309369146823883,0.0022559899371117353,0.0,0.08942867815494537,0.3086230754852295,0.31435850262641907,0.006712023168802261,0.03607373684644699,0.036485455930233,0.016250981017947197,0.017033442854881287,0.0,0.0,0.0,0.0
31,1.0333333333333334,1.7697275325190276e-05,0.0,0.0,0.0,0.0,0.0,0.03493811562657356,0.0,0.0,0.0,0.0,0.0,0.0,0.036181651055812836,0.07825921475887299,0.01585284247994423,0.011278032325208187,0.08418720960617065,0.07785921543836594,0.3957144618034363,0.0,0.0002765812387224287,0.00016540368960704654,0.07832221686840057,0.08112863451242447,0.0010625076247379184,0.002256152918562293,0.0317574106156826,0.03470660373568535,0.023662565276026726,0.02410539984703064,0.006860126741230488,0.016980553045868874,0.0,0.038900092244148254,0.0,0.0016882671043276787,0.2213478535413742,0.22379319369792938,0.16090241074562073,0.15726718306541443,0.0017885202541947365,0.0,0.09064852446317673,0.3083341717720032,0.3134225010871887,0.010904389433562756,0.030738133937120438,0.027745401486754417,0.010509426705539227,0.007917473092675209,0.0,0.0,0.0,0.0
32,1.0666666666666667,0.0,0.0,0.0,0.0,0.0,0.0,0.03553473949432373,0.0,0.0,0.0,0.0,0.0,0.0,0.03677043691277504,0.07045167684555054,0.015314479358494282,0.010467045940458775,0.06008218973875046,0.11250770837068558,0.5047539472579956,0.028192931786179543,0.001589287305250764,0.0,0.07041861861944199,0.07274045050144196,0.005324558820575476,0.01113125216215849,0.03030911460518837,0.02980528026819229,0.020252926275134087,0.02031131088733673,0.009087803773581982,0.01960083469748497,0.008003541268408298,0.033530741930007935,0.0049532088451087475,0.005878189112991095,0.23457442224025726,0.23602385818958282,0.14559470117092133,0.13344301283359528,0.001219484256580472,0.0,0.09529750794172287,0.3114290237426758,0.3160189986228943,0.01746753230690956,0.02150137349963188,0.014068644493818283,0.0065133399330079556,0.0,0.0,0.0,0.0,0.0
33,1.1,0.0,0.0,0.0,0.0,0.0,0.0,0.03684604912996292,0.0,0.0,0.0,0.0,0.0,0.0,0.03810754790902138,0.05548328533768654,0.01732609048485756,0.010983689688146114,0.0,0.07135260105133057,0.6058396697044373,0.10274215787649155,0.004740273114293814,0.0,0.0653233453631401,0.06547282636165619,0.009324267506599426,0.0187089741230011,0.028112096711993217,0.023413734510540962,0.016828469932079315,0.0163436196744442,0.02039017528295517,0.02761734463274479,0.0683618038892746,0.02713915705680847,0.02104027569293976,0.02398070879280567,0.21624517440795898,0.21332381665706635,0.12790702283382416,0.11351189762353897,0.0010624700225889683,0.0,0.10285516083240509,0.31664374470710754,0.32150769233703613,0.021563472226262093,0.007977531291544437,0.0,0.006744930054992437,0.0,0.0,0.0,0.0,0.0
34,1.1333333333333333,0.0,0.0,0.0,0.0,0.0,0.0,0.03831689804792404,0.0,0.0,0.0,0.0,0.0,0.0,0.03960484266281128,0.047369200736284256,0.01982828602194786,0.011988341808319092,0.0,0.0,0.5733091235160828,0.10015455633401871,0.0073660085909068584,0.0,0.058459293097257614,0.05814952403306961,0.00549820763990283,0.015543119981884956,0.03540254756808281,0.027610857039690018,0.014605576172471046,0.014093664474785328,0.06799738109111786,0.04269302263855934,0.2130504697561264,0.02065942995250225,0.05193660408258438,0.056005656719207764,0.14672426879405975,0.13796602189540863,0.11470673233270645,0.10912614315748215,0.0014395242324098945,0.0,0.10968422889709473,0.3213917911052704,0.32701003551483154,0.013346612453460693,0.0029296516440808773,0.0,0.003454518271610141,0.0,0.0,0.0,0.0,0.0
35,1.1666666666666667,0.0,0.0,0.0,0.0,0.0,0.0,0.039916444569826126,0.0,0.0,0.0,0.0,0.0,0.0,0.04131506383419037,0.05600203201174736,0.025070954114198685,0.012377691455185413,0.0,0.0,0.5214297771453857,0.14430546760559082,0.009696310386061668,0.0018040459835901856,0.03406127914786339,0.034290861338377,0.0,0.007754401303827763,0.052142731845378876,0.0394664965569973,0.012000209651887417,0.011654365807771683,0.08440973609685898,0.02230396866798401,0.3791752755641937,0.03135056421160698,0.0743236318230629,0.07703694701194763,0.04029570519924164,0.022722924128174782,0.11941812187433243,0.12914322316646576,0.001972802449017763,0.0,0.11493062973022461,0.3255579173564911,0.33225005865097046,0.005489950533956289,0.0,0.0,0.0,0.0,0.0,0.0,0.0,0.0
36,1.2,0.00021499296417459846,0.0,0.0,0.0,0.0,0.0,0.04019759222865105,0.0,0.0,0.0,0.0,0.0,0.0,0.041770730167627335,0.05300317332148552,0.029542697593569756,0.012111276388168335,0.0,0.0,0.38277995586395264,0.1531180888414383,0.009049753658473492,0.0043014236725866795,0.017754679545760155,0.019324379041790962,0.0,0.007147254887968302,0.05288626626133919,0.03728190064430237,0.010856986045837402,0.010799730196595192,0.07839030772447586,0.0,0.49035409092903137,0.05749807879328728,0.06100386008620262,0.06118085980415344,0.01114457193762064,0.0,0.17277884483337402,0.1919056475162506,0.0028370835352689028,0.0,0.11512165516614914,0.3230341672897339,0.3308444619178772,0.0,0.0,0.0031806081533432007,0.0018981555476784706,0.005350491032004356,0.0,0.0,0.0,0.0
37,1.2333333333333334,0.00019473298743832856,0.0,0.0,0.0,0.0,0.0,0.04123229533433914,0.0,0.0,0.0,0.0,0.0,0.0,0.042777612805366516,0.01305454783141613,0.026101697236299515,0.008754792623221874,0.0,0.0030769584700465202,0.1123502105474472,0.1349608153104782,0.003226283937692642,0.0019912749994546175,0.02428530715405941,0.028759315609931946,6.365097215166315e-05,0.0010394976707175374,0.02162740007042885,0.018001681193709373,0.009798253886401653,0.010655628517270088,0.059733860194683075,0.018533017486333847,0.389390230178833,0.054928429424762726,0.0483572892844677,0.04783065244555473,0.0005190531373955309,0.0,0.16887402534484863,0.19115464389324188,0.0031291458290070295,0.0,0.11404198408126831,0.32167336344718933,0.3296782076358795,0.0,0.0,0.007973290979862213,0.0,0.006075494922697544,0.0,0.0,0.0,0.0
38,1.2666666666666666,0.0,0.0,0.0,0.0,0.0,0.0,0.042938511818647385,0.0,0.0,0.0,0.0,0.0,0.0,0.044354651123285294,0.0036230215337127447,0.023593515157699585,0.0038927574642002583,0.18259289860725403,0.059588562697172165,0.04894816502928734,0.10448408871889114,0.0,0.0029851754661649466,0.02703704498708248,0.030963391065597534,0.0024777227081358433,0.0,0.011484417133033276,0.01488669402897358,0.009908413514494896,0.010926353745162487,0.0,0.029775915667414665,0.20429635047912598,0.055656105279922485,0.011837032623589039,0.010334202088415623,0.024425869807600975,0.024869751185178757,0.1543833315372467,0.1723557561635971,0.003020989941433072,0.0,0.11143425852060318,0.318533331155777,0.3260716497898102,0.0,0.015391203574836254,0.024903206154704094,0.0,0.008249818347394466,0.0,0.0,0.0,0.0
39,1.3,0.0,0.0,0.0,0.0,0.0,0.0,0.044183965772390366,0.0,0.0,0.0,0.0,0.0,0.0,0.045419495552778244,0.025383571162819862,0.02034425362944603,0.004526657983660698,0.3719576597213745,0.08951760828495026,0.11692745238542557,0.02141725644469261,0.0,0.0017031248426064849,0.02981889806687832,0.032463833689689636,0.004127596039324999,0.0,0.012165657244622707,0.018198875710368156,0.010111477226018906,0.010822437703609467,0.0,0.025491969659924507,0.0490720197558403,0.060314398258924484,0.0,0.0,0.08024769276380539,0.08174024522304535,0.14710713922977448,0.1572210192680359,0.0028176489286124706,0.0,0.1044338196516037,0.3141386806964874,0.3207840621471405,0.0030494611710309982,0.02317393757402897,0.029135357588529587,0.0,0.005498496349900961,0.0,0.0,0.0,0.0
40,1.3333333333333333,0.0,0.0,0.0,0.0,0.0,0.0,0.04340768977999687,0.0,0.0,0.0,0.0,0.0,0.0,0.04451484978199005,0.07105685025453568,0.02054212987422943,0.007755568716675043,0.5192310214042664,0.08243818581104279,0.16178342700004578,0.0,0.0,0.0,0.048286307603120804,0.04831064119935036,0.0101996548473835,0.008210979402065277,0.03956618905067444,0.04434129223227501,0.015428165905177593,0.015372435562312603,0.0,0.023057352751493454,0.0,0.06510039418935776,0.0,0.0014345463132485747,0.18605418503284454,0.18443430960178375,0.15461136400699615,0.1545761674642563,0.0020421775989234447,0.0,0.09673777967691422,0.309037983417511,0.31377172470092773,0.0018422851571813226,0.029518822208046913,0.030003737658262253,0.0,0.0,0.0,0.0,0.0,0.0
41,1.3666666666666667,0.0,0.0,0.0,0.0,0.0,0.0,0.04076002165675163,0.0,0.0,0.0,0.0,0.0,0.0,0.041844625025987625,0.0966191366314888,0.020629359409213066,0.009705973789095879,0.43467894196510315,0.035324517637491226,0.13467451930046082,0.0,0.0,0.0,0.07147031277418137,0.07247912138700485,0.01523397397249937,0.01727384887635708,0.06882550567388535,0.07096466422080994,0.0220405925065279,0.02189943566918373,0.0013214047066867352,0.01909608207643032,0.0,0.07080521434545517,0.0,0.003028352977707982,0.27350491285324097,0.2710795998573303,0.18208777904510498,0.1745489239692688,0.0018231936264783144,0.0,0.08725583553314209,0.30269965529441833,0.30666449666023254,0.0,0.03197194263339043,0.02665013074874878,0.004713024478405714,0.0,0.0,0.0,0.0,0.0
42,1.4,0.0005751411081291735,0.0,0.0,0.0,0.0,0.0,0.03634348511695862,0.0,0.0,0.0,0.0,0.0,0.0,0.03750595822930336,0.07047737389802933,0.01816367171704769,0.0072747827507555485,0.20505671203136444,0.0009318083757534623,0.09992832690477371,0.0,0.00021631176059599966,0.0,0.07305288314819336,0.07741378992795944,0.00809048768132925,0.01288964506238699,0.08316782116889954,0.08311858028173447,0.024079926311969757,0.024497974663972855,0.05455700680613518,0.03458946570754051,0.014017172157764435,0.06507586687803268,0.00309719517827034,0.0037622505333274603,0.29646703600883484,0.29557913541793823,0.20447750389575958,0.1966133713722229,0.002107668202370405,0.0,0.07902051508426666,0.29679179191589355,0.30122169852256775,0.0,0.02700658142566681,0.019912878051400185,0.0067386324517428875,0.0,0.0,0.0,0.0,0.0
43,1.4333333333333333,0.0012015646789222956,0.0,0.0,0.0,0.0,0.0,0.03130496293306351,0.0,0.0,0.0,0.0,0.0,0.0,0.032545968890190125,0.04655478894710541,0.01247784961014986,0.0071211992762982845,0.06321009248495102,0.0,0.11092997342348099,0.0,0.00012895801046397537,0.0,0.06735100597143173,0.07408620417118073,0.0006644556415267289,0.0064457678236067295,0.08403713256120682,0.08429485559463501,0.024255014955997467,0.025141850113868713,0.07920615375041962,0.032583318650722504,0.006857559084892273,0.06524917483329773,0.0020668788347393274,0.0,0.3058975338935852,0.30766281485557556,0.2300647497177124,0.22277550399303436,0.0023665055632591248,0.0,0.07332438230514526,0.29034116864204407,0.29511818289756775,0.0,0.02185208350419998,0.014790063723921776,0.008303097449243069,0.0013231094926595688,0.0,0.0,0.0,0.0
44,1.4666666666666666,0.0013652245979756117,0.0,0.0,0.0,0.0,0.0,0.02770671807229519,0.0,0.0,0.0,0.0,0.0,0.0,0.02903984673321247,0.05594123527407646,0.00799194909632206,0.007914496585726738,0.0,0.0,0.14517657458782196,0.0,0.001277026953175664,0.00023238454014062881,0.0582638755440712,0.06486881524324417,0.0,0.004907111171633005,0.086064413189888,0.08559475839138031,0.024851201102137566,0.025772159919142723,0.07952132076025009,0.019542889669537544,0.011885120533406734,0.06925515085458755,0.0,0.0,0.31637582182884216,0.3172665536403656,0.2591874301433563,0.25255659222602844,0.0025289556942880154,0.0,0.0692351832985878,0.28765803575515747,0.2932449281215668,0.0,0.024475131183862686,0.017842799425125122,0.014856359921395779,0.008570552803575993,0.0,0.0,0.0,0.0
45,1.5,0.0013855338329449296,0.0,0.0,0.0,0.0,0.0,0.025127334520220757,0.0,0.0,0.0,0.0,0.0,0.0,0.02641879953444004,0.09430103749036789,0.006932733114808798,0.008111591450870037,0.0,0.0,0.15995028614997864,0.0,0.0025084635708481073,0.0,0.041484247893095016,0.047744013369083405,0.0,0.005857137031853199,0.09185126423835754,0.08806970715522766,0.024962570518255234,0.025835633277893066,0.07364152371883392,0.015647146850824356,0.06552001088857651,0.06486859917640686,0.002127335174009204,0.0,0.3074786365032196,0.304658979177475,0.27141687273979187,0.2668151557445526,0.002914350712671876,0.0,0.06384482234716415,0.2754848301410675,0.2809514105319977,0.00029569873004220426,0.029636938124895096,0.02326965145766735,0.01876264624297619,0.013193649239838123,0.0,0.0,0.0,0.0
46,1.5333333333333334,0.00137222686316818,0.0,0.0,0.0,0.0,0.0,0.02330298162996769,0.0,0.0,0.0,0.0,0.0,0.0,0.024563845247030258,0.12206640094518661,0.00913598295301199,0.005552960559725761,0.0,0.0,0.16952300071716309,0.0,0.00265807518735528,4.522446761257015e-05,0.023979531601071358,0.029647616669535637,0.0,0.007351833861321211,0.09139704704284668,0.08404580503702164,0.024813029915094376,0.025551695376634598,0.052384112030267715,0.008539311587810516,0.10798747092485428,0.061608534306287766,0.004434862639755011,0.0,0.2928820550441742,0.2855691611766815,0.27761784195899963,0.27552828192710876,0.0028476836159825325,0.0,0.06106801703572273,0.2645547389984131,0.2697198688983917,0.0018922763410955667,0.03263557702302933,0.026451067999005318,0.021918293088674545,0.016981367021799088,0.0,0.0,0.0,0.0
47,1.5666666666666667,0.00132110679987818,0.0,0.0,0.0,0.0,0.0,0.022194093093276024,0.0,0.0,0.0,0.0,0.0,0.0,0.023402128368616104,0.13479360938072205,0.012132144533097744,0.00589093379676342,0.0,0.0,0.25836509466171265,0.0,0.003349044593051076,0.0,0.0037631827872246504,0.006323193199932575,0.0,0.009375885128974915,0.08488541096448898,0.07561661303043365,0.022324861958622932,0.022429125383496284,0.033430345356464386,0.011399632319808006,0.16572123765945435,0.05326889082789421,0.007220733445137739,0.002582838525995612,0.2750304937362671,0.265098512172699,0.25397440791130066,0.24923454225063324,0.0024655312299728394,0.0,0.054133135825395584,0.254520446062088,0.25889408588409424,0.01087765209376812,0.030906733125448227,0.0237381923943758,0.007959624752402306,0.0020647691562771797,0.0,0.0,0.0,0.0
48,1.6,0.0010887065436691046,0.0,0.0,0.0,0.0,0.0,0.02168918028473854,0.0,0.0,0.0,0.0,0.0,0.0,0.02277221716940403,0.1259343922138214,0.011746562086045742,0.00555775873363018,0.0,0.0,0.2803264558315277,0.0,0.003352813422679901,0.0,0.0,0.002480169292539358,0.0,0.009172131307423115,0.07002090662717819,0.06254694610834122,0.02044379897415638,0.020778117701411247,0.009637972339987755,0.013778284192085266,0.15783321857452393,0.04391702637076378,0.003720209700986743,0.0,0.2573626935482025,0.24989183247089386,0.23539315164089203,0.23095794022083282,0.0021208166144788265,0.0,0.046786922961473465,0.2477286010980606,0.25160160660743713,0.013091898523271084,0.027865564450621605,0.0212846752256155,0.005241868086159229,0.0,0.0,0.0,0.0,0.0
49,1.6333333333333333,0.0005662841722369194,0.0,0.0,0.0,0.0,0.0,0.021328797563910484,0.0,0.0,0.0,0.0,0.0,0.0,0.022286027669906616,0.12566623091697693,0.008737304247915745,0.005313920322805643,0.0,0.0,0.1841629445552826,0.0,0.0023946519941091537,0.0008093614014796913,0.0,0.003762427717447281,0.0,0.006270924117416143,0.07309933006763458,0.06710938364267349,0.02185365930199623,0.02269068732857704,0.006930495146661997,0.014421585947275162,0.16510140895843506,0.03392563387751579,0.0007301308796741068,0.0,0.2462085783481598,0.2393086701631546,0.23097579181194305,0.23061056435108185,0.001745892339386046,0.0,0.041544169187545776,0.24632565677165985,0.24985545873641968,0.005318992305546999,0.031581196933984756,0.02717396803200245,0.012839182280004025,0.009538461454212666,0.0,0.0,0.0,0.0
50,1.6666666666666667,0.0001709488278720528,0.0,0.0,0.0,0.0,0.0,0.02200622670352459,0.0,0.0,0.0,0.0,0.0,0.0,0.022896189242601395,0.12204296141862869,0.008016484789550304,0.0038737792056053877,0.0,0.0,0.12789231538772583,0.0,0.00205879844725132,0.00036429884494282305,0.0,0.005677900277078152,0.0,0.006596289109438658,0.06747235357761383,0.0641767829656601,0.018695171922445297,0.02022320218384266,0.01963062956929207,0.03858943656086922,0.2078193724155426,0.014802850782871246,0.015724586322903633,0.011976735666394234,0.21452276408672333,0.21010975539684296,0.18071357905864716,0.18174192309379578,0.0015028922352939844,0.0,0.03823912516236305,0.2444901019334793,0.24749645590782166,0.00906505435705185,0.025957895442843437,0.02182736061513424,0.0030661325436085463,0.0,0.0,0.0,0.0,0.0
51,1.7,0.0,0.0,0.0,0.0,0.0,0.0,0.024981575086712837,0.0,0.0,0.0,0.0,0.0,0.0,0.025858081877231598,0.11145240813493729,0.008422081358730793,0.0017871282761916518,0.0,0.04873495176434517,0.08358114957809448,0.0,0.001426522620022297,0.0,0.0,0.007829772308468819,0.006395288743078709,0.011170524172484875,0.04703293740749359,0.04975196346640587,0.014060499146580696,0.016043558716773987,0.026754550635814667,0.06797719746828079,0.20543764531612396,0.0,0.033870380371809006,0.03053000010550022,0.17869381606578827,0.18044044077396393,0.11840863525867462,0.11920426040887833,0.0012712550815194845,0.0,0.04236782342195511,0.24836155772209167,0.25168439745903015,0.014880145899951458,0.011632646434009075,0.00837957113981247,0.0007648802711628377,0.0,0.0,0.0,0.0,0.0
52,1.7333333333333334,0.0,0.0,0.0,0.0,0.0,0.0,0.029094606637954712,0.0,0.0,0.0,0.0,0.0,0.0,0.029956111684441566,0.1125868409872055,0.010474122129380703,0.0030685255769640207,0.0,0.11208566278219223,0.05288321152329445,0.0,0.0015436223475262523,0.0,0.0,0.0065439254976809025,0.01617111824452877,0.017900880426168442,0.038298238068819046,0.04474978148937225,0.009868533350527287,0.011555361561477184,0.04949311912059784,0.1047535240650177,0.23994609713554382,0.0,0.06765861064195633,0.06883756071329117,0.13848985731601715,0.1425415724515915,0.05749501660466194,0.05655396729707718,0.0013376964488998055,0.0,0.04925883561372757,0.2529735267162323,0.25673389434814453,0.020024722442030907,0.0021403757855296135,0.0,0.00020030431915074587,0.0,0.0,0.0,0.0,0.0
53,1.7666666666666666,0.0,0.0,0.0,0.0,0.0,0.0,0.03378883749246597,0.0,0.0,0.0,0.0,0.0,0.0,0.034617770463228226,0.09656766057014465,0.01068043615669012,0.005228732246905565,0.0,0.1607794463634491,0.040417127311229706,0.0,0.0014337612083181739,0.0,0.0,0.005186658818274736,0.01599602960050106,0.015673575922846794,0.03226083889603615,0.04026614874601364,0.004826744552701712,0.006284379865974188,0.0860183984041214,0.13679908215999603,0.27953773736953735,0.0,0.11445170640945435,0.11803551018238068,0.09011106938123703,0.09427228569984436,0.006405483465641737,0.006365023087710142,0.0014020786620676517,0.0,0.05563250556588173,0.25836899876594543,0.26236510276794434,0.02441154606640339,0.000614563818089664,0.0001110221492126584,8.284742216346785e-05,0.0,0.0,0.0,0.0,0.0
54,1.8,0.0,0.0,0.0,0.0,0.0,0.0,0.03923940286040306,0.0,0.0,0.0,0.0,0.0,0.0,0.04007760435342789,0.07588835060596466,0.009980067610740662,0.005130487028509378,0.0,0.18204087018966675,0.012470955029129982,0.01197174284607172,0.0015870494535192847,0.0018171195406466722,0.0,0.0021446468308568,0.004390137270092964,0.004293379839509726,0.03927881643176079,0.04510460048913956,0.0,0.0009630435961298645,0.16765882074832916,0.18721796572208405,0.34946778416633606,0.0,0.1859811693429947,0.18974322080612183,0.056428052484989166,0.05514059588313103,0.0,0.0,0.0014212990645319223,0.0,0.06277710199356079,0.26495563983917236,0.2693476378917694,0.02579830028116703,0.007579741533845663,0.01023324765264988,0.0,0.0,0.0,0.0,0.0,0.0
55,1.8333333333333333,0.0,0.0,0.0,0.0,0.0,0.0,0.04404115304350853,0.0,0.0,0.0,0.0,0.0,0.0,0.044910602271556854,0.05415960028767586,0.008740192279219627,0.003906616009771824,0.0,0.1796986162662506,0.009820574894547462,0.03154785558581352,0.0020635684486478567,0.004131372552365065,0.0,0.0004787151701748371,0.0003880878211930394,0.0,0.034476734697818756,0.0399165078997612,0.0,0.0003352334024384618,0.1926928162574768,0.20269645750522614,0.30623912811279297,0.0,0.21500764787197113,0.22011609375476837,0.04124552756547928,0.038508061319589615,0.0,0.0011091060005128384,0.0015313031617552042,0.0,0.06462687999010086,0.2672455608844757,0.2715960144996643,0.027098694816231728,0.02452293410897255,0.029155462980270386,0.0,0.0,0.0,0.0,0.0,0.0
56,1.8666666666666667,0.0,0.0,0.0,0.0,0.0,0.0,0.04826146736741066,0.0,0.0,0.0,0.0,0.0,0.0,0.049231719225645065,0.04519405588507652,0.007852085866034031,0.0028917379677295685,0.04078119248151779,0.1830434650182724,0.05329439416527748,0.08358536660671234,0.001719880849123001,0.004660671576857567,0.0,0.0,0.003525853157043457,0.0,0.026967797428369522,0.035955607891082764,0.0,0.0,0.1508527547121048,0.19279120862483978,0.19493800401687622,0.0017332449788227677,0.20842409133911133,0.2205139398574829,0.05397769808769226,0.05250626429915428,0.0,0.0005918630049563944,0.0010082217631861567,0.0,0.06995771825313568,0.2798360586166382,0.28418105840682983,0.030661700293421745,0.03873699903488159,0.04392259195446968,0.0,0.0005073164356872439,0.0,0.0,0.0,0.0
57,1.9,0.0,0.0,0.0,0.0,0.0,0.0,0.05140722915530205,0.0,0.0,0.0,0.0,0.0,0.0,0.052481330931186676,0.04891812801361084,0.009600425139069557,0.0019466571975499392,0.11495248228311539,0.16936178505420685,0.15244151651859283,0.1690642237663269,0.0,0.003455306636169553,0.0,0.0,0.0060709575191140175,0.0,0.015085836872458458,0.026927782222628593,0.0,0.0,0.06730961799621582,0.15981079638004303,0.08629526942968369,0.002656735247001052,0.18996861577033997,0.20368221402168274,0.061366863548755646,0.05957423523068428,0.0,0.0,0.000887600181158632,0.0,0.07559671998023987,0.2896210849285126,0.29404115676879883,0.03438129648566246,0.040800612419843674,0.045636579394340515,0.0,0.0007742153247818351,0.0,0.0,0.0,0.0
58,1.9333333333333333,0.0,0.0,0.0,0.0,0.0,0.0,0.05443495139479637,0.0,0.0,0.0,0.0,0.0,0.0,0.0556633323431015,0.044911012053489685,0.016101455315947533,0.0,0.1553937792778015,0.14941038191318512,0.2609765827655792,0.16129037737846375,0.0,0.0,0.0,0.00225416524335742,0.014456847682595253,0.008417794480919838,0.006174120586365461,0.01602592132985592,0.0,0.00013879028847441077,0.009347467683255672,0.12774872779846191,0.030558694154024124,0.011182833462953568,0.17060421407222748,0.18004249036312103,0.06531833857297897,0.0607423298060894,0.0,0.004449556581676006,0.000883529894053936,0.0,0.0818869099020958,0.29901736974716187,0.3037154972553253,0.02941286936402321,0.039091501384973526,0.04378318786621094,0.0,0.0017113344511017203,0.0,0.0,0.0,0.0
59,1.9666666666666666,0.0,0.0,0.0,0.0,0.0,0.0,0.0559643991291523,0.0,0.0,0.0,0.0,0.0,0.0,0.05720488354563713,0.02861814759671688,0.02314627915620804,0.0,0.12958143651485443,0.10484296828508377,0.3738899827003479,0.09182867407798767,0.0,0.0,0.01909962110221386,0.018925635144114494,0.03165152296423912,0.02644248679280281,0.004171478562057018,0.011010007932782173,0.0003754798381123692,0.00030871928902342916,0.0,0.09450284391641617,0.01680540107190609,0.021402060985565186,0.1457078456878662,0.15457679331302643,0.06573021411895752,0.06232259422540665,0.0058598630130290985,0.010180182754993439,0.0010313603561371565,0.0,0.08306917548179626,0.30218952894210815,0.3066117763519287,0.021417047828435898,0.029884325340390205,0.03298256918787956,0.0,3.0011453418410383e-05,0.0,0.0,0.0,0.0
60,2.0,0.0003381893038749695,0.0,0.0,0.0,0.0,0.0,0.05554936081171036,0.0,0.0,0.0,0.0,0.0,0.0,0.056840214878320694,0.011360375210642815,0.025562217459082603,0.0008143622544594109,0.08712949603796005,0.04636453464627266,0.46752771735191345,0.0088961161673069,0.0012953068362548947,0.0,0.04205366596579552,0.042272381484508514,0.030833927914500237,0.027580508962273598,0.006698464509099722,0.01133684255182743,0.002971106907352805,0.003087261924520135,0.0,0.07640112936496735,0.0003821869322564453,0.026305317878723145,0.11555725336074829,0.1224316731095314,0.083705835044384,0.08238916844129562,0.03194046393036842,0.03462164103984833,0.0014843135140836239,0.0,0.08135171979665756,0.30034804344177246,0.30489689111709595,0.014850339852273464,0.03690133988857269,0.0382191427052021,0.0,0.0002679144963622093,0.0,0.0,0.0,0.0
61,2.033333333333333,0.0007838521851226687,0.0,0.0,0.0,0.0,0.0,0.0535651296377182,0.0,0.0,0.0,0.0,0.0,0.0,0.0549357533454895,0.00961016770452261,0.024207836017012596,0.0022260730620473623,0.029680803418159485,0.0,0.48918598890304565,0.0,0.0016007398953661323,0.0,0.06331512331962585,0.06592069566249847,0.018863188102841377,0.018688250333070755,0.010386140085756779,0.012907499447464943,0.007240127772092819,0.007834368385374546,0.0,0.06426266580820084,0.0,0.02972034551203251,0.0763685330748558,0.07939331233501434,0.10628660023212433,0.1060624048113823,0.07502849400043488,0.07760775834321976,0.001813615090213716,0.0,0.08226337283849716,0.2991914451122284,0.3043496012687683,0.006980925798416138,0.04507064446806908,0.04557157680392265,0.004757983610033989,0.005283466540277004,0.0,0.0,0.0,0.0
62,2.066666666666667,0.0010860407492145896,0.0,0.0,0.0,0.0,0.0,0.05035523325204849,0.0,0.0,0.0,0.0,0.0,0.0,0.05174180492758751,0.02982831932604313,0.02133306674659252,0.0037218735087662935,0.0,0.0,0.5120860934257507,0.0,0.0010660375701263547,0.0003255585615988821,0.06813081353902817,0.07326030731201172,0.0,0.0030320293735712767,0.02187269739806652,0.020937785506248474,0.010603658854961395,0.011562871746718884,0.0,0.04749933257699013,0.019322793930768967,0.03366262838244438,0.047112420201301575,0.04573879763484001,0.12142831087112427,0.1187509223818779,0.1170777827501297,0.12058458477258682,0.0019565981347113848,0.0,0.08402561396360397,0.29840654134750366,0.3038633465766907,0.002553951693698764,0.05350753664970398,0.05261960253119469,0.01798219047486782,0.017757607623934746,0.0,0.0,0.0,0.0
63,2.1,0.0009983214549720287,0.0,0.0,0.0,0.0,0.0,0.046541500836610794,0.0,0.0,0.0,0.0,0.0,0.0,0.047893404960632324,0.06983564794063568,0.01898835599422455,0.006594874896109104,0.0,0.0,0.4625663757324219,0.0,0.0010853203712031245,0.003649588441476226,0.07313776016235352,0.07994144409894943,0.0,0.0012383445864543319,0.053028613328933716,0.04991450533270836,0.017128173261880875,0.018404295668005943,0.0,0.02402651309967041,0.06826156377792358,0.03845676779747009,0.00722126429900527,0.004048531875014305,0.14802227914333344,0.14356036484241486,0.1741987019777298,0.1801619976758957,0.002201659604907036,0.0,0.08417142182588577,0.29597365856170654,0.30170372128486633,0.0,0.060997456312179565,0.060150034725666046,0.03517455607652664,0.034644272178411484,0.0,0.0,0.0,0.0
64,2.1333333333333333,0.0004942746018059552,0.0,0.0,0.0,0.0,0.0,0.04343342036008835,0.0,0.0,0.0,0.0,0.0,0.0,0.04466596990823746,0.09624698758125305,0.015527211129665375,0.008689017966389656,0.0,0.0,0.3706391751766205,0.0,0.001636209897696972,0.005511240102350712,0.06838860362768173,0.07563003897666931,0.0,0.000724801910109818,0.06384869664907455,0.06122155487537384,0.021068844944238663,0.02255912683904171,0.0,0.009166661649942398,0.0802415981888771,0.03359440341591835,0.0009222606313414872,0.0,0.1599113643169403,0.15664413571357727,0.1983039379119873,0.2046542912721634,0.0020243111066520214,0.0,0.08238048106431961,0.2961078882217407,0.30139023065567017,0.0,0.05165830999612808,0.05094531551003456,0.03672293946146965,0.036272332072257996,0.0,0.0,0.0,0.0
65,2.1666666666666665,0.00034176293411292136,0.0,0.0,0.0,0.0,0.0,0.04077284038066864,0.0,0.0,0.0,0.0,0.0,0.0,0.041957784444093704,0.10592842102050781,0.01257739681750536,0.008445526473224163,0.0,0.0,0.28866472840309143,0.0,0.0005778674385510385,0.0038431130815297365,0.058698225766420364,0.06514880061149597,0.0,0.0,0.06232225522398949,0.06441973894834518,0.022596925497055054,0.02410220541059971,0.0034975023008883,0.013104557059705257,0.09109542518854141,0.02844380773603916,0.0,0.0,0.1756691187620163,0.17533858120441437,0.18985679745674133,0.19656910002231598,0.0020607246551662683,0.0,0.07879214733839035,0.2945689558982849,0.29952916502952576,0.0,0.0407719686627388,0.04175445809960365,0.02850980870425701,0.02976168692111969,0.0,0.0,0.0,0.0
66,2.2,0.0002085935848299414,0.0,0.0,0.0,0.0,0.0,0.039007604122161865,0.0,0.0,0.0,0.0,0.0,0.0,0.04009753093123436,0.09939812123775482,0.010313186794519424,0.0104124266654253,0.01739116758108139,0.047976911067962646,0.2613736391067505,0.0,0.0,0.001135096768848598,0.049747418612241745,0.060326218605041504,0.008921250700950623,0.008342745713889599,0.04377787187695503,0.05287261679768562,0.020724453032016754,0.022779377177357674,0.0,0.014075612649321556,0.05138150602579117,0.03077191486954689,0.0,0.0,0.19369001686573029,0.19764506816864014,0.16120103001594543,0.16566860675811768,0.001952808233909309,0.0,0.07364726066589355,0.2910190224647522,0.2954220473766327,0.003885827725753188,0.026532024145126343,0.026410801336169243,0.011186336167156696,0.010723772458732128,0.0,0.0,0.0,0.0
67,2.2333333333333334,0.0007015960873104632,0.0,0.0,0.0,0.0,0.0,0.03544779121875763,0.0,0.0,0.0,0.0,0.0,0.0,0.03600260987877846,0.07794416695833206,0.011311444453895092,0.010060813277959824,0.0,0.11096225678920746,0.2579929828643799,0.0,0.0,0.0009937146678566933,0.034535523504018784,0.04524493217468262,0.01844501867890358,0.016718080267310143,0.02682180516421795,0.03882960230112076,0.016038833186030388,0.018050136044621468,0.019615888595581055,0.01949620060622692,0.09061505645513535,0.027664626017212868,0.020171159878373146,0.023845341056585312,0.17090807855129242,0.1774638146162033,0.11917569488286972,0.1212732344865799,0.02237728238105774,0.020937487483024597,0.055123403668403625,0.23602020740509033,0.23804911971092224,0.008881967514753342,0.018435250967741013,0.01743900030851364,0.006960851140320301,0.0049579148180782795,0.0,0.0,0.0,0.0
68,2.2666666666666666,0.0010659260442480445,0.0,0.0,0.0,0.0,0.006366929970681667,0.03212251886725426,0.0,0.0,0.0,0.0,0.0,0.001139141502790153,0.03231601417064667,0.04937953129410744,0.013519981876015663,0.008729456923902035,0.0,0.13661012053489685,0.3410983681678772,0.040002934634685516,0.0,0.0,0.024358822032809258,0.031576018780469894,0.0202795322984457,0.021986907348036766,0.02017461508512497,0.027349285781383514,0.012192280031740665,0.013323417864739895,0.015286104753613472,0.019666902720928192,0.10449729114770889,0.025307023897767067,0.03203415498137474,0.036726851016283035,0.16136577725410461,0.1650724858045578,0.09593702852725983,0.09141039103269577,0.04598540440201759,0.045389365404844284,0.034310586750507355,0.1764397919178009,0.17692667245864868,0.014704256318509579,0.022244611755013466,0.017628846690058708,0.008728823624551296,0.0028699066024273634,0.0,0.0,0.0,0.0
69,2.3,0.0011044355342164636,0.0,0.0,0.0,0.0,0.015330367721617222,0.030090967193245888,0.0,0.0,0.0,0.0,0.0,0.005173978861421347,0.030110206454992294,0.029215872287750244,0.01679529808461666,0.007555073592811823,0.0,0.09677518159151077,0.4004632234573364,0.11460116505622864,0.0004601980617735535,0.0,0.012465099804103374,0.018849782645702362,0.02128976583480835,0.02547488920390606,0.016230400651693344,0.01997692696750164,0.00865026842802763,0.00950581580400467,0.01967020519077778,0.029520811513066292,0.14335525035858154,0.021318290382623672,0.05415688082575798,0.058254778385162354,0.12854783236980438,0.12857048213481903,0.08299301564693451,0.0793212354183197,0.06422758847475052,0.06400027126073837,0.016172241419553757,0.1268194168806076,0.1266864836215973,0.013368125073611736,0.02372783049941063,0.018265891820192337,0.00651498744264245,0.0,0.0,0.0,0.0,0.0
70,2.3333333333333335,0.00098405999597162,0.0,0.0,0.0,0.0,0.024713870137929916,0.028743725270032883,0.0,0.0,0.0,0.0,0.0,0.01100085861980915,0.028618598356842995,0.011815405450761318,0.018843716010451317,0.006735614035278559,0.0,0.022935356944799423,0.3677310347557068,0.1865963339805603,0.0004270025237929076,0.0,0.0,0.005990866106003523,0.023090437054634094,0.02807222306728363,0.010338165797293186,0.011611733585596085,0.005040188319981098,0.005897861905395985,0.04953939840197563,0.045479219406843185,0.21107438206672668,0.016270918771624565,0.0876987874507904,0.09147685021162033,0.06409952044487,0.05971275642514229,0.06633009016513824,0.06919988244771957,0.07680608332157135,0.07677645236253738,0.0,0.08897276222705841,0.08845312893390656,0.005070519167929888,0.013414851389825344,0.00959175918251276,0.003659910289570689,0.0,0.0,0.0,0.0,0.0
71,2.3666666666666667,0.0010606530122458935,0.0,0.0,0.0,0.0,0.03402091935276985,0.027830488979816437,0.0,0.0,0.0,0.0,0.0,0.017788441851735115,0.0276584941893816,0.0,0.02110094390809536,0.00483599491417408,0.0,0.0,0.30621883273124695,0.24292780458927155,0.0,0.0024702821392565966,0.0,0.008613240905106068,0.017928240820765495,0.02379596419632435,0.00899827852845192,0.008873606100678444,0.003495945828035474,0.004805804695934057,0.06961476057767868,0.02581608109176159,0.2634500563144684,0.031309824436903,0.10054128617048264,0.10112377256155014,0.005930760409682989,0.0,0.07697351276874542,0.08842220902442932,0.08727781474590302,0.08744063228368759,0.0,0.061994295567274094,0.06154753267765045,0.0,0.0006783088902011514,0.0,0.002557323547080159,0.0022171984892338514,0.0,0.0,0.0,0.0
72,2.4,0.0011237955186516047,0.0,0.0,0.0,0.0,0.041682176291942596,0.027370797470211983,0.0,0.0,0.0,0.0,0.0,0.024995828047394753,0.027206966653466225,0.0,0.020883282646536827,0.0033291957806795835,0.0,0.0,0.1551961451768875,0.26851049065589905,0.0,0.005619445350021124,0.01403946615755558,0.02496916800737381,0.016326969489455223,0.020512375980615616,0.0,0.0012958309380337596,0.0038025255780667067,0.005569448694586754,0.07718060910701752,0.0,0.2784266769886017,0.050912585109472275,0.09294072538614273,0.09253709763288498,0.0,0.0,0.10445531457662582,0.12171002477407455,0.0962555781006813,0.09658321738243103,0.0,0.04132327064871788,0.04089660197496414,0.0,0.0,0.0018844363512471318,0.0024926550686359406,0.005603353958576918,0.0,0.0,0.0,0.0
73,2.433333333333333,0.0014257198199629784,0.0,0.0,0.0,0.0,0.05261486768722534,0.027084391564130783,0.0002824035473167896,0.0,0.0,0.0,0.0,0.035575635731220245,0.0268806591629982,0.0,0.0193494725972414,0.003651859937235713,0.046328525990247726,0.002311991062015295,0.03678661212325096,0.2478007674217224,0.0,0.00673273578286171,0.02740374207496643,0.037760648876428604,0.017574185505509377,0.017822997644543648,0.0,0.004009456839412451,0.0042322175577282906,0.006030287593603134,0.05940011888742447,0.0,0.2512414753437042,0.05737900733947754,0.08293873816728592,0.08407404273748398,0.0,0.0,0.11795409023761749,0.13490650057792664,0.10525623708963394,0.10571097582578659,0.0,0.02382374182343483,0.02348107285797596,0.0,0.004004327580332756,0.0089374128729105,0.00400783633813262,0.008502517826855183,0.0,0.0,0.0,0.0
74,2.466666666666667,0.00212690606713295,0.0,0.0,0.0,0.0,0.06098054349422455,0.026415202766656876,0.001486044842749834,0.0,0.0,0.0,0.0,0.04478253051638603,0.02603805437684059,0.0,0.016183722764253616,0.0026019616052508354,0.17423518002033234,0.058609750121831894,0.0,0.1654362976551056,0.0,0.007528656627982855,0.04179299995303154,0.04642205685377121,0.010743389837443829,0.006367504596710205,0.001455420278944075,0.007917778566479683,0.006512470077723265,0.0074874903075397015,0.01835610345005989,0.007653496228158474,0.15804316103458405,0.051044363528490067,0.05366922542452812,0.0578235499560833,0.00862247496843338,0.008466268889605999,0.11504530161619186,0.1276659071445465,0.11295394599437714,0.11391717195510864,0.0,0.010093067772686481,0.008931479416787624,0.0,0.02874578908085823,0.03424520418047905,0.011509917676448822,0.01752224750816822,0.0,0.0,0.0,0.0
75,2.5,0.002169753424823284,0.0,0.0,0.0,0.0,0.0659898892045021,0.025491971522569656,0.0023585997987538576,0.0,0.0,0.0,0.0,0.04926598072052002,0.024780718609690666,0.017204206436872482,0.013139070942997932,0.0031581432558596134,0.3750370442867279,0.08419211953878403,0.06477709114551544,0.04663601145148277,0.0,0.004225009586662054,0.04559829458594322,0.04732310771942139,0.00994527991861105,0.004093508701771498,0.0035823185462504625,0.012597523629665375,0.008485423400998116,0.009031624533236027,0.0,0.005896775051951408,0.01416186522692442,0.046007461845874786,0.003054794855415821,0.010491110384464264,0.07099401205778122,0.07443030923604965,0.12608985602855682,0.129897341132164,0.12118156254291534,0.12283018976449966,0.0,0.0020522703416645527,0.0,0.0,0.05415940284729004,0.05659342184662819,0.028192216530442238,0.031083671376109123,0.0,0.0,0.0,0.0
76,2.533333333333333,0.0019009283278137445,0.0,0.0,0.0,0.0,0.06731349974870682,0.023634780198335648,0.002414918038994074,0.0,0.0,0.0,0.0,0.04810858145356178,0.022744720801711082,0.06363319605588913,0.010118021629750729,0.003153054742142558,0.5066555142402649,0.07573344558477402,0.11061003804206848,0.0,0.0,0.0,0.04637269675731659,0.046595554798841476,0.01109706237912178,0.007034520152956247,0.018069427460432053,0.02691766619682312,0.011639061383903027,0.011794419959187508,0.0,0.0026175123639404774,0.0,0.04192468523979187,0.0,0.007358092814683914,0.15090002119541168,0.15389470756053925,0.13906614482402802,0.13539771735668182,0.13118091225624084,0.13368655741214752,0.0,0.0023433559108525515,0.0,0.0,0.06990284472703934,0.06799173355102539,0.03933430090546608,0.03717872127890587,0.0,0.0,0.0,0.0
77,2.566666666666667,0.004315345082432032,0.0,0.0,0.0,0.0,0.06755413115024567,0.02015116438269615,0.00476005719974637,0.0,0.0,0.0,0.0,0.04493144154548645,0.019209694117307663,0.08396410942077637,0.012321860529482365,0.0030177521985024214,0.45371532440185547,0.03839743137359619,0.08871324360370636,0.0,0.0,0.0,0.06584922969341278,0.06428919732570648,0.02255643531680107,0.02257690764963627,0.04541381448507309,0.050006937235593796,0.01851716823875904,0.01803739368915558,0.008613072335720062,0.0,0.0,0.040380675345659256,0.0,0.0089797992259264,0.2372586578130722,0.23816561698913574,0.16942770779132843,0.15794245898723602,0.14413577318191528,0.14708125591278076,0.0,0.0022614982444792986,0.0,0.0,0.07303942739963531,0.06534644216299057,0.04658249765634537,0.038872335106134415,0.0,0.0,0.0,0.0
78,2.6,0.007740998640656471,0.0,0.0,0.0,0.0,0.06831248104572296,0.01614888198673725,0.007943835109472275,0.0,0.0,0.0,0.0,0.04141877591609955,0.015256276354193687,0.07216029614210129,0.012253307737410069,0.002846115967258811,0.28568482398986816,0.0368153378367424,0.10622528195381165,0.0,0.0004827516677323729,0.0,0.061644989997148514,0.06252570450305939,0.024607090279459953,0.028405984863638878,0.06428428739309311,0.06585278362035751,0.02034473791718483,0.020041588693857193,0.050045598298311234,0.005236504599452019,0.00021569318778347224,0.03650573641061783,0.0,0.008101639337837696,0.28476250171661377,0.28556472063064575,0.18550707399845123,0.17017219960689545,0.15205594897270203,0.15493275225162506,0.0,0.0025178997311741114,0.0,0.0,0.06724390387535095,0.05471675843000412,0.045194096863269806,0.03395942598581314,0.0,0.0,0.0,0.0
79,2.6333333333333333,0.011363490484654903,0.0,0.0,0.0,0.0,0.07116583734750748,0.01259655598551035,0.01115589588880539,0.0,0.0,0.0,0.0,0.04018303379416466,0.011853707022964954,0.040597960352897644,0.008735672570765018,0.002627842826768756,0.09847243130207062,0.02816382236778736,0.16150566935539246,0.0,0.001147023867815733,0.0002938232501037419,0.04065446928143501,0.048519767820835114,0.01800897717475891,0.025144178420305252,0.06553547829389572,0.06695718318223953,0.017731009051203728,0.01854853145778179,0.0859578549861908,0.012633038684725761,0.026304474100470543,0.03501158952713013,0.021874800324440002,0.021752988919615746,0.2875153124332428,0.29021772742271423,0.19681327044963837,0.18314878642559052,0.15689948201179504,0.15949220955371857,0.0,0.0021376311779022217,0.0,0.0,0.05856862664222717,0.04404409974813461,0.04500814154744148,0.03290468081831932,0.0,0.0,0.0,0.0
80,2.6666666666666665,0.01274844165891409,0.0,0.0,0.0,0.0,0.07226409018039703,0.009955713525414467,0.012430868111550808,0.0,0.0,0.0,0.0,0.03801616281270981,0.00932344887405634,0.04205583781003952,0.007531232666224241,0.005622715223580599,0.0,0.0,0.2877030372619629,0.022922389209270477,0.0020685072522610426,0.001030008657835424,0.011172561906278133,0.02004426345229149,0.006861105561256409,0.01606760174036026,0.06672007590532303,0.06696739047765732,0.013576239347457886,0.01459378283470869,0.10979397594928741,0.011942869052290916,0.14355695247650146,0.036305006593465805,0.053459376096725464,0.051984965801239014,0.25912362337112427,0.25989454984664917,0.19376727938652039,0.1827656328678131,0.15803784132003784,0.16049648821353912,0.0,0.00224063778296113,0.0,0.0009639060008339584,0.04617346078157425,0.03256566822528839,0.037478234618902206,0.02583615481853485,0.0,0.0,0.0,0.0
81,2.7,0.009580292738974094,0.0,0.0,0.0,0.0,0.07001565396785736,0.009178626351058483,0.00931565836071968,0.0,0.0,0.0,0.0,0.03204093873500824,0.00860653817653656,0.06803866475820541,0.012609051540493965,0.007431084755808115,0.0,0.0,0.4439816176891327,0.09413770586252213,0.004532241728156805,0.002874422585591674,0.0,0.003318858565762639,0.0,0.012101821601390839,0.07567255198955536,0.06715260446071625,0.008640028536319733,0.009143877774477005,0.08439996838569641,0.0,0.30179327726364136,0.039506908506155014,0.0695199966430664,0.06661530584096909,0.1997176855802536,0.19047823548316956,0.1793469488620758,0.1726268231868744,0.15085472166538239,0.15302817523479462,0.0,0.002911680145189166,0.0,0.009367014281451702,0.034408729523420334,0.02238384634256363,0.02726929448544979,0.016031691804528236,0.0,0.0,0.0,0.0
82,2.7333333333333334,0.005483806133270264,0.0,0.0,0.0,0.0,0.0729716494679451,0.010736670345067978,0.005221465602517128,0.0,0.0,0.0,0.0,0.032950300723314285,0.010199162177741528,0.04274400323629379,0.015296240337193012,0.005306466948240995,0.0,0.0,0.44966986775398254,0.2419535219669342,0.005421268288046122,0.0,0.0,0.0016617495566606522,0.0007251818897202611,0.015159382484853268,0.04606929048895836,0.035392217338085175,0.004148957785218954,0.0044144531711936,0.03923807293176651,0.0,0.3015923798084259,0.036623407155275345,0.05450301244854927,0.04946332797408104,0.12961183488368988,0.12039800733327866,0.15324410796165466,0.14915189146995544,0.14223116636276245,0.14403511583805084,0.0,0.0028311891946941614,0.0,0.012505176477134228,0.01182396151125431,0.0032544098794460297,0.0091937817633152,0.0,0.0,0.0,0.0,0.0
83,2.7666666666666666,0.0,0.0,0.0,0.0,0.0,0.07364335656166077,0.01425018161535263,0.0,0.0,0.0,0.0,0.0,0.02953961119055748,0.013687857426702976,0.018122566863894463,0.017504146322607994,0.002640246879309416,0.006048626732081175,0.032660387456417084,0.35623496770858765,0.4534744322299957,0.006840611342340708,0.0,0.0,0.0007557069766335189,0.0234206672757864,0.035409748554229736,0.008415130898356438,0.0,0.0,5.833654995512916e-06,0.0031308666802942753,0.0,0.23831260204315186,0.028439799323678017,0.0363510400056839,0.03072253242135048,0.044992364943027496,0.038948677480220795,0.10899330675601959,0.10685562342405319,0.12885496020317078,0.13009341061115265,0.0037025464698672295,0.0026190681383013725,0.0,0.014351035468280315,0.001678160740993917,0.0,0.0035995636135339737,0.0,0.0,0.0,0.0,0.0
84,2.8,0.0,0.0,0.0,0.0,0.0,0.07010520249605179,0.018762798979878426,0.0,0.0,0.0,0.0,0.0,0.023042576387524605,0.018164295703172684,0.0113779092207551,0.019961664453148842,0.0009054836118593812,0.03148094192147255,0.08577702939510345,0.2314874678850174,0.6664634943008423,0.005197079386562109,0.0,0.0,0.0,0.05186058208346367,0.06198238953948021,0.003645055228844285,0.0,0.0,0.0,0.0,0.0,0.19418762624263763,0.02682838775217533,0.024505984038114548,0.019960934296250343,0.0012757563963532448,0.0,0.07085870206356049,0.06959473341703415,0.11591415852308273,0.11685320734977722,0.009622692130506039,0.00196619494818151,0.0,0.016109704971313477,0.0,0.0,0.0012358153471723199,0.0,0.0,0.0,0.0,0.0
85,2.8333333333333335,0.0,0.0,0.0,0.0,0.0,0.07049547135829926,0.02356855385005474,0.0,0.0,0.0,0.0,0.0,0.023314042016863823,0.02295694500207901,0.009930506348609924,0.020505966618657112,0.0006028413772583008,0.027001598849892616,0.11228836327791214,0.11601138114929199,0.7563313841819763,0.0011485973373055458,0.0,0.0,0.0,0.06598181277513504,0.07317382842302322,0.0007431906997226179,0.0,0.0,0.0,0.0,0.0,0.15857401490211487,0.027824172750115395,0.01790495775640011,0.016327351331710815,0.0,0.0,0.05606108903884888,0.05655362084507942,0.10491421073675156,0.10582968592643738,0.011884324252605438,0.001560141216032207,0.0,0.013623598031699657,0.0,0.0,0.000974310387391597,0.0,0.0,0.0,0.0,0.0
86,2.8666666666666667,0.0,0.0,0.0,0.0,0.0,0.07536664605140686,0.02675652503967285,0.0,0.0,0.0,0.0,0.0,0.027643142268061638,0.026134321466088295,0.018663281574845314,0.021667610853910446,0.004644155502319336,0.046641480177640915,0.1192750483751297,0.10921210050582886,0.6927511692047119,0.0,0.0017831873847171664,0.0,0.005804387386888266,0.06922322511672974,0.07434455305337906,0.0,0.0,0.0,0.0005406052805483341,0.0,0.0,0.10737830400466919,0.032543689012527466,0.018356582149863243,0.015880445018410683,0.0,0.0,0.035785164684057236,0.040604427456855774,0.10402426868677139,0.10510770976543427,0.007441377732902765,0.00037195070763118565,0.0,0.013631775043904781,0.00269224401563406,0.001309041865170002,0.0004544065741356462,0.0,0.0,0.0,0.0,0.0
87,2.9,0.000437143724411726,0.0,0.0,0.0,0.0,0.07933605462312698,0.02664758637547493,0.000661726575344801,0.0,0.0,0.0,0.0,0.02975093200802803,0.02595742978155613,0.022967971861362457,0.02657759189605713,0.010614684782922268,0.08623585104942322,0.11971523612737656,0.22182562947273254,0.5396584868431091,0.0,0.003488633781671524,0.0,0.009950786828994751,0.06808697432279587,0.07187327742576599,0.0,0.0022730210330337286,0.0,0.0010684796143323183,0.0,0.008469068445265293,0.03662595897912979,0.035508718341588974,0.017046136781573296,0.013497321866452694,0.0009982348419725895,0.0,0.006374056916683912,0.01173873245716095,0.1124788448214531,0.11395038664340973,0.0,0.0,0.0,0.016338340938091278,0.01603899709880352,0.01325112022459507,0.0007870909757912159,0.0,0.0,0.0,0.0,0.0
88,2.933333333333333,0.0027689081616699696,0.0,0.0,0.0,0.0,0.08058219403028488,0.024906199425458908,0.0031608701683580875,0.0,0.0,0.0,0.0,0.029779260978102684,0.02418074943125248,0.02497210167348385,0.029505619779229164,0.017128638923168182,0.1109161525964737,0.09903819113969803,0.36840397119522095,0.34479326009750366,0.0,0.00270609138533473,0.0,0.009962286800146103,0.05675768852233887,0.0589030496776104,0.0,0.005158428568392992,0.0,0.0011361622018739581,0.0,0.02388281375169754,0.0,0.03509298712015152,0.00537581043317914,0.005247471388429403,0.019863849505782127,0.017033036798238754,0.0,0.0022629208397120237,0.12416408210992813,0.1259070634841919,0.0,0.0,0.0,0.016115820035338402,0.04037077724933624,0.03660829737782478,0.0032207879703491926,0.0,0.0,0.0,0.0,0.0
89,2.966666666666667,0.002553298370912671,0.0,0.0,0.0,0.0,0.07480055838823318,0.02277933433651924,0.002977485302835703,0.0,0.0,0.0,0.0,0.023457719013094902,0.022232040762901306,0.0284139271825552,0.03026725724339485,0.022791706025600433,0.10393659770488739,0.11035103350877762,0.49081695079803467,0.20915217697620392,0.0,0.0020149785559624434,0.0,0.007037151604890823,0.04760078713297844,0.04728541523218155,0.0,0.00806451216340065,0.0,0.0006694374023936689,0.0,0.03523026779294014,0.0,0.03263114020228386,0.0030479696579277515,0.008867775090038776,0.036154042929410934,0.03354554995894432,0.0,0.0,0.11435132473707199,0.11565457284450531,0.0,0.0049727256409823895,0.003648994956165552,0.017910674214363098,0.04472363740205765,0.04163429141044617,0.0022059110924601555,0.0,0.0,0.0,0.0,0.0
90,3.0,0.0016776903066784143,0.0,0.0,0.0,0.0,0.06680789589881897,0.020354894921183586,0.0019202569965273142,0.0,0.0,0.0,0.0,0.014991847798228264,0.02001263201236725,0.027801761403679848,0.03206653520464897,0.02466457150876522,0.08690758049488068,0.11573756486177444,0.6028574705123901,0.13404445350170135,0.0,0.0008596017141826451,0.0,0.005652978550642729,0.0409499816596508,0.041027601808309555,0.0,0.008498531766235828,0.0,0.000390698405681178,0.0,0.037068162113428116,0.0,0.03351514786481857,0.007714060600847006,0.014821012504398823,0.04695865884423256,0.04466437175869942,0.0,0.0,0.10010966658592224,0.10110444575548172,0.0,0.015088355168700218,0.013605911284685135,0.0193550493568182,0.0379326306283474,0.03485960140824318,0.0016854702262207866,0.0,0.0,0.0,0.0,0.0
91,3.033333333333333,0.0007893885485827923,0.0,0.0,0.0,0.0,0.05874716490507126,0.017899882048368454,0.0009382134303450584,0.0,0.0,0.0,0.0,0.006462684832513332,0.017642874270677567,0.020388957113027573,0.0338316336274147,0.022796785458922386,0.06258972734212875,0.1314043551683426,0.6859046816825867,0.1162629947066307,0.0,0.0,0.0,0.0026833792217075825,0.03875362500548363,0.04173893854022026,0.001961854752153158,0.0067272246815264225,0.0,0.0,0.0,0.03141145408153534,0.0,0.030841413885354996,0.01024241279810667,0.017039626836776733,0.05935397371649742,0.05655771121382713,0.001926483935676515,0.0,0.08733198046684265,0.08813665807247162,0.0,0.022635862231254578,0.02123059146106243,0.01917565055191517,0.020974278450012207,0.0152403824031353,0.0032217202242463827,0.0,0.0,0.0,0.0,0.0
92,3.066666666666667,0.0006304827984422445,0.0,0.0,0.0,0.0,0.051814254373311996,0.01535588689148426,0.0006307116709649563,0.0,0.0,0.0,0.0,0.0,0.015166041441261768,0.01099135261029005,0.03516588732600212,0.01984901912510395,0.06584326177835464,0.15372098982334137,0.7342019081115723,0.10496122390031815,0.0,0.0,0.0,0.0007692479412071407,0.04033603146672249,0.04610950127243996,0.004259281326085329,0.004729707259684801,0.0,0.0,0.0,0.028250694274902344,0.0,0.02443971112370491,0.003062398871406913,0.007426569703966379,0.0670790746808052,0.06357317417860031,0.004682199098169804,0.0,0.07726482301950455,0.07781744003295898,0.0,0.025633614510297775,0.024637088179588318,0.018382620066404343,0.0069372025318443775,0.0,0.004284347873181105,0.0,0.0,0.0,0.0,0.0
93,3.1,0.0017271044198423624,0.0,0.0,0.0,0.0,0.043866124004125595,0.012151816859841347,0.0015403584111481905,0.0,0.0,0.0,0.0,0.0,0.011995892971754074,0.0,0.03142034634947777,0.01857910491526127,0.048749890178442,0.15550798177719116,0.7202567458152771,0.1126830130815506,0.0002541386929806322,0.0,0.0,0.0011308540124446154,0.03553297743201256,0.04134298115968704,0.005375442560762167,0.00498834066092968,0.0,0.0,0.0,0.022507786750793457,0.0,0.022614365443587303,0.0038295239210128784,0.008135396055877209,0.0570102296769619,0.05400552228093147,0.005159324035048485,0.0,0.07084333896636963,0.07124471664428711,0.0,0.025884104892611504,0.02522423304617405,0.013065236620604992,0.004947093781083822,0.0,0.004316027741879225,0.0,0.0,0.0,0.0,0.0
94,3.1333333333333333,0.0023460346274077892,0.0,0.0,0.0,0.0,0.03670400381088257,0.00942258257418871,0.0019364767940714955,0.0,0.0,0.0,0.0,0.0,0.00933104194700718,0.0,0.02716084197163582,0.015545827336609364,0.060984764248132706,0.16430450975894928,0.6947827339172363,0.14988653361797333,0.00020273598784115165,0.0,0.0,0.0014519508695229888,0.027321914210915565,0.03381827846169472,0.008607085794210434,0.006623649504035711,0.0,0.0,0.0016556329792365432,0.017017845064401627,0.0,0.023073196411132812,0.004451963119208813,0.006989604327827692,0.048901766538619995,0.0444980226457119,0.003782490734010935,0.0,0.06463424116373062,0.06480459123849869,0.0,0.026630816981196404,0.0264337919652462,0.009155014529824257,0.004496910609304905,0.0,0.0033242141362279654,0.0,0.0,0.0,0.0,0.0
95,3.1666666666666665,0.0009316370123997331,0.0,0.0,0.0,0.0,0.029547596350312233,0.007847958244383335,0.0003799324622377753,0.0,0.0,0.0,0.0,0.0,0.007802052889019251,0.0,0.025077497586607933,0.014170000329613686,0.08519134670495987,0.18504193425178528,0.6959136128425598,0.18505817651748657,0.0,0.0,0.0,0.0,0.029137378558516502,0.03574049472808838,0.007915640249848366,0.004352440591901541,0.00010886265954468399,0.0,0.0,0.011118066497147083,0.0,0.02231159433722496,0.000290371710434556,0.0020229776855558157,0.04111510515213013,0.03517765924334526,0.002641871338710189,0.0,0.05826561525464058,0.05827248841524124,0.0,0.02835877612233162,0.02853713557124138,0.009530301205813885,0.0037632612511515617,0.0,0.0015520737506449223,0.0,0.0,0.0,0.0,0.0
96,3.2,0.00015403552970383316,0.0,0.0,0.0,0.0,0.0223005972802639,0.008588776923716068,0.0,0.0,0.0,0.0,0.0,0.0,0.008621156215667725,0.006179355550557375,0.025499993935227394,0.013555319979786873,0.11528580635786057,0.20268769562244415,0.7034995555877686,0.253163605928421,0.0,0.0,0.0,0.0,0.038495492190122604,0.044905390590429306,0.003660991322249174,0.0,0.00014058347733225673,0.0,0.0,0.009037229232490063,0.0,0.017107365652918816,0.0,0.0,0.019626479595899582,0.012401312589645386,0.00037979776971042156,0.0,0.049317725002765656,0.04914777725934982,0.0,0.03332297503948212,0.033915333449840546,0.015438240952789783,0.002222816925495863,0.0,0.0,0.0,0.0,0.0,0.0,0.0
97,3.2333333333333334,0.0,0.0,0.0,0.0,0.0,0.011520838364958763,0.00959087535738945,0.0,0.0,0.0,0.0,0.0,0.0,0.00968658085912466,0.01769101805984974,0.026597047224640846,0.014098276384174824,0.21148467063903809,0.2546342611312866,0.7162032723426819,0.2751447558403015,0.0,0.0,0.0014490297762677073,0.0,0.057209886610507965,0.06529713422060013,0.007791890297085047,0.0,0.0008629235671833158,0.0,0.0,0.0018559335730969906,0.0,0.011341682635247707,0.0,0.0,0.014654800295829773,0.003534416202455759,0.00026422605151310563,0.0,0.04117682948708534,0.04085016995668411,0.0,0.03706938400864601,0.0379817858338356,0.01920994184911251,0.0013552774908021092,0.0,0.0,0.0,0.0,0.0,0.0,0.0
98,3.2666666666666666,0.0,0.0,0.0,0.0,0.0,0.000931593356654048,0.010724938474595547,0.0,0.0,0.0,0.0,0.0,0.0,0.010817477479577065,0.03701239079236984,0.027592841535806656,0.016443178057670593,0.234152153134346,0.28613603115081787,0.7066213488578796,0.2906216084957123,0.0,0.0,0.0,0.0,0.07299697399139404,0.081084243953228,0.007447028532624245,0.0,0.0006626125541515648,0.0,0.0,0.0,0.0,0.007442593574523926,0.0,0.0,0.011549649760127068,0.0,0.0,0.0,0.03493017330765724,0.034617405384778976,0.0,0.038441091775894165,0.039442677050828934,0.023288022726774216,0.00023581483401358128,0.0,0.0,0.0,0.0,0.0,0.0,0.0
99,3.3,0.00021142186596989632,0.0,0.0,0.0,0.0,0.0,0.010733794420957565,0.0,0.0,0.0,0.0,0.0,0.0,0.010839146561920643,0.02481335774064064,0.02916145697236061,0.018489599227905273,0.19605830311775208,0.3001483380794525,0.6691697835922241,0.2653994858264923,0.0,0.0,0.0,0.0,0.08168807625770569,0.08758324384689331,0.004435551818460226,0.0,0.0,0.0,0.0,0.0,0.0,0.013877110555768013,0.0046064527705311775,0.005852156784385443,0.010834969580173492,0.0,0.0,0.0,0.031514767557382584,0.031334467232227325,0.0,0.03822871297597885,0.03908045217394829,0.019611289724707603,0.0,0.0,0.0,0.0,0.0,0.0,0.0,0.0
100,3.3333333333333335,0.0002980533754453063,0.0,0.0,0.0,0.0,0.0,0.009756768122315407,0.0,0.0,0.0,0.0,0.0,0.0,0.009875905700027943,0.0030144131742417812,0.030787397176027298,0.020327091217041016,0.1283131092786789,0.28893035650253296,0.6181762218475342,0.24578823149204254,0.0,0.0,0.0,0.002498238580301404,0.08481021970510483,0.08957602083683014,0.0,0.0,0.0,0.0,0.0,0.0,0.0,0.025889640673995018,0.024872591719031334,0.0255998857319355,0.007068287581205368,0.0,0.0,0.0019435974536463618,0.027644533663988113,0.02750503085553646,0.0,0.03886865824460983,0.039626844227313995,0.016642777249217033,0.0,0.0,0.0,0.0,0.0,0.0,0.0,0.0
101,3.3666666666666667,0.00055907410569489,0.0,0.0,0.0,0.0,0.0,0.007841302081942558,0.0,0.0,0.0,0.0,0.0,0.0,0.007949375547468662,0.0,0.03039507009088993,0.018982725217938423,0.05338951200246811,0.21833886206150055,0.5609502792358398,0.20124973356723785,0.0,0.0,0.0,0.002603653585538268,0.06833834946155548,0.07199877500534058,0.0,0.0005447803996503353,0.0,0.0,0.003670631442219019,0.0,0.014308939687907696,0.03884540870785713,0.03434764966368675,0.03885820880532265,0.006833616178482771,0.0,0.0,0.0019027059897780418,0.02558637037873268,0.0252835676074028,0.0,0.03845183923840523,0.0394553616642952,0.009896059520542622,0.0,0.0,0.0,0.0,0.0,0.0,0.0,0.0
102,3.4,0.0007816862198524177,0.0,0.0,0.0,0.0,0.0,0.005700881592929363,0.0,0.0,0.0,0.0,0.0,0.0,0.005805552937090397,0.0,0.03030458092689514,0.01671670749783516,0.0,0.1331777572631836,0.5027533769607544,0.16366884112358093,0.00015020927821751684,0.0,0.0,0.0,0.04752577096223831,0.051535714417696,0.004787645768374205,0.0034055032301694155,0.00019720471755135804,0.0,0.011781723238527775,0.0015103602781891823,0.045609574764966965,0.03479551523923874,0.044485002756118774,0.05062732845544815,0.006329484283924103,0.0,0.0,0.0,0.023418240249156952,0.02301054261624813,0.0,0.03851593658328056,0.0395597368478775,0.006444692146033049,0.002600152278319001,0.0,0.0005170945660211146,0.0,0.0,0.0,0.0,0.0
103,3.433333333333333,0.001725987996906042,0.0,0.0,0.0,0.0,0.0,0.002845484297722578,0.0006857477128505707,0.0,0.0,0.0,0.0,0.0,0.002982183825224638,0.0033286316320300102,0.030264636501669884,0.016423944383859634,0.0,0.013761456124484539,0.46146801114082336,0.07042922079563141,0.0011588233755901456,0.0,0.0,0.00034242987749166787,0.026618722826242447,0.02942906878888607,0.009887426160275936,0.009204280562698841,0.0,6.504841439891607e-05,0.009813039563596249,0.031610243022441864,0.09764767438173294,0.023074014112353325,0.06595666706562042,0.07187875360250473,0.006243550684303045,0.0,0.0,0.0012902619782835245,0.024187350645661354,0.023715052753686905,0.0,0.03692302480340004,0.037997253239154816,0.005904459860175848,0.003781123785302043,0.0,0.0,0.0,0.0,0.0,0.0,0.0
104,3.466666666666667,0.0028530920390039682,0.0,0.0,0.0,0.0,0.0,0.0,0.0018727707210928202,0.0,0.0,0.0,0.0,0.0,9.99212425085716e-05,0.018750397488474846,0.027776477858424187,0.016279401257634163,0.0,0.0,0.448960542678833,0.0,0.0010007598903030157,0.0,0.0,0.002164981095120311,0.003455543890595436,0.006492284592241049,0.01976516656577587,0.01880454830825329,0.0014835231704637408,0.001922538154758513,0.0,0.03443007543683052,0.09232328087091446,0.02080666273832321,0.056271523237228394,0.05873723700642586,0.012347097508609295,0.005825782660394907,0.010703503154218197,0.013865641318261623,0.026311742141842842,0.025934500619769096,0.0,0.03584267199039459,0.03671753779053688,0.004660846199840307,0.008326721377670765,0.0042955768294632435,4.2120751459151506e-05,0.0,0.0,0.0,0.0,0.0
105,3.5,0.0028736728709191084,0.0,0.0,0.0,0.0,0.0,0.0,0.0019443138735368848,0.0,0.0,0.0,0.0,0.0,0.0,0.048390958458185196,0.024782909080386162,0.016330230981111526,0.0,0.0,0.38883176445961,0.0,0.0008497652015648782,0.000706935883499682,0.0,0.0028669305611401796,0.0,0.0,0.04305555671453476,0.04195798933506012,0.005556892603635788,0.006166953127831221,0.0,0.03336559236049652,0.10410791635513306,0.020265506580471992,0.03592850640416145,0.03906942158937454,0.038055419921875,0.031158937141299248,0.03259086608886719,0.03660689666867256,0.02636095881462097,0.025893429294228554,0.0,0.03539719805121422,0.03623296320438385,0.0009290626621805131,0.01912456750869751,0.015439898706972599,0.005736996419727802,0.005137959029525518,0.0,0.0,0.0,0.0
106,3.533333333333333,0.0023103137500584126,0.0,0.0,0.0,0.0,0.0,0.0,0.0014519430696964264,0.0,0.0,0.0,0.0,0.0,0.0,0.07287602871656418,0.020037813112139702,0.016535120084881783,0.0,0.0,0.2958615720272064,0.0,0.0020943391136825085,0.0028970118146389723,0.0011343054939061403,0.0031197716016322374,0.0,0.0,0.05948524922132492,0.06081552430987358,0.010113148018717766,0.01072521973401308,0.003469199640676379,0.03041849471628666,0.10685407370328903,0.020507236942648888,0.012644094415009022,0.018688146024942398,0.06856780499219894,0.0647243782877922,0.053975459188222885,0.057805199176073074,0.02587687037885189,0.025178808718919754,0.0,0.034753844141960144,0.03587695211172104,0.0,0.02387803979218006,0.021578563377261162,0.011298772878944874,0.011873061768710613,0.0,0.0,0.0,0.0
107,3.566666666666667,0.0019690266344696283,0.0,0.0,0.0,0.0,0.0,0.0,0.001201254897750914,0.0,0.0,0.0,0.0,0.0,0.0,0.07455536723136902,0.013535675592720509,0.01488063670694828,0.0,0.0,0.1935216784477234,0.0,0.002188374986872077,0.003234501928091049,0.0018593341810628772,0.004259853158146143,0.0022119737695902586,0.0,0.048673853278160095,0.05549020692706108,0.011925647966563702,0.012785391882061958,0.008869086392223835,0.030547700822353363,0.04677356034517288,0.017059989273548126,0.0,0.007742949761450291,0.09022567421197891,0.0925351157784462,0.05871936306357384,0.061525579541921616,0.02626006305217743,0.025353526696562767,0.0,0.03400151804089546,0.035411760210990906,0.0,0.016450125724077225,0.015678169205784798,0.010927530005574226,0.01210335548967123,0.0,0.0,0.0,0.0
108,3.6,0.001634811400435865,0.0,0.0,0.0,0.0,0.0,0.0,0.0010807074140757322,0.0,0.0,0.0,0.0,0.0,0.0,0.07778041809797287,0.008911224082112312,0.01184114720672369,0.03047327883541584,0.014514593407511711,0.1308443546295166,0.0,0.002206343924626708,0.002215453190729022,0.0,0.0021248848643153906,0.003388001350685954,0.0,0.03716319054365158,0.0451517328619957,0.012427997775375843,0.013230443000793457,0.015067726373672485,0.025922780856490135,0.0,0.013307970948517323,0.0,0.0074962652288377285,0.10850834846496582,0.11240801960229874,0.05825848504900932,0.059340354055166245,0.02703956328332424,0.026276666671037674,0.0,0.03370380774140358,0.03481075540184975,0.0005478417151607573,0.0063435849733650684,0.005612824112176895,0.010424873791635036,0.011012828908860683,0.0,0.0,0.0,0.0
109,3.6333333333333333,0.0015160496113821864,0.0,0.0,0.0,0.0,0.0,0.0,0.001185038243420422,0.0,0.0,0.0,0.0,0.0,0.0,0.08148020505905151,0.005378232803195715,0.007723796647042036,0.05872965604066849,0.02415473386645317,0.08719313144683838,0.0,0.001641851500608027,0.0010425540385767817,0.0,0.0008159354329109192,0.003789431182667613,0.0012944331392645836,0.029995165765285492,0.03636644780635834,0.012075900100171566,0.012648439966142178,0.012665419839322567,0.021251879632472992,0.0,0.010175172239542007,0.0,0.006710433401167393,0.12464584410190582,0.12712451815605164,0.05217728763818741,0.052028097212314606,0.027991125360131264,0.027522128075361252,0.0,0.034404221922159195,0.03503569960594177,0.0021523565519601107,0.0008755293674767017,0.0,0.008235623128712177,0.007836651057004929,0.0,0.0,0.0,0.0
110,3.6666666666666665,0.0008869600133039057,0.0,0.0,0.0,0.0,0.0,0.0,0.0005882317782379687,0.0,0.0,0.0,0.0,0.0,0.0,0.07794051617383957,0.0030123544856905937,0.0038979898672550917,0.06613652408123016,0.03215568885207176,0.047593288123607635,0.0,0.00101814279332757,0.0,0.0,0.00026919087395071983,0.0050090462900698185,0.004406332038342953,0.026133503764867783,0.02993871457874775,0.011533324606716633,0.01189746055752039,0.01658732444047928,0.018064238131046295,0.0,0.008054959587752819,0.0,0.005437731277197599,0.13376255333423615,0.13481751084327698,0.04730740189552307,0.045613497495651245,0.02903231978416443,0.02868059277534485,0.0,0.03374123200774193,0.034106798470020294,0.003375690197572112,0.0012429290218278766,0.0,0.003640042385086417,0.0019151298329234123,0.0,0.0,0.0,0.0
111,3.7,0.0,0.0,0.0,0.0,0.0,0.0,0.0,0.0,0.0,0.0,0.0,0.0,0.0,0.00011247255315538496,0.06349527835845947,0.0022980046924203634,0.0016353217652067542,0.06377920508384705,0.033904314041137695,0.001810540328733623,0.0,0.0011936280643567443,0.0,0.0019536286126822233,0.0020052201580256224,0.008145761676132679,0.009681838564574718,0.024447066709399223,0.025052720680832863,0.012268531136214733,0.012332349084317684,0.022244269028306007,0.01667969301342964,0.0,0.006455483380705118,0.0,0.003756157821044326,0.136888325214386,0.13592256605625153,0.05343221500515938,0.05002255365252495,0.017813170328736305,0.017424331977963448,0.0,0.05650235339999199,0.05683024600148201,0.0016849007224664092,0.002380145713686943,0.0,0.0022414629347622395,0.0,0.0,0.0,0.0,0.0
112,3.7333333333333334,0.0,0.0,0.0,0.0,0.0,0.0,0.0014033890329301357,0.0,0.0,0.0,0.0,0.0,0.0,0.001652800478041172,0.05078544095158577,0.0005749946576543152,0.0001218326433445327,0.05499553680419922,0.03620234876871109,0.0,0.0,0.0016735626850277185,0.0,0.009474063292145729,0.008798763155937195,0.008739002980291843,0.011286712251603603,0.020386772230267525,0.019015921279788017,0.013531768694519997,0.01338229514658451,0.030062753707170486,0.018136247992515564,0.0,0.0020870501175522804,0.0,0.003256129799410701,0.12448831647634506,0.12190061062574387,0.059550315141677856,0.056662000715732574,0.004981893580406904,0.004416061565279961,0.0,0.08375800400972366,0.08437682688236237,0.0,0.0024387051817029715,0.0,0.002450999105349183,0.0,0.0,0.0,0.0,0.0
113,3.7666666666666666,0.0,0.0,0.0,0.0,0.0,0.0,0.005013334099203348,0.0,0.0,0.0,0.0,0.0,0.0,0.00544070964679122,0.03510742262005806,0.0,0.00045938557013869286,0.025103582069277763,0.05040667578577995,0.0,0.0,0.0019175820052623749,0.0,0.011497977189719677,0.011210697703063488,0.008444967679679394,0.012401793152093887,0.008180328644812107,0.005408338736742735,0.012494389899075031,0.012385241687297821,0.03572223708033562,0.019270822405815125,0.0,0.0,0.0,0.0019646042492240667,0.09067774564027786,0.08801712840795517,0.049960773438215256,0.04696239158511162,0.0,0.0,0.0,0.11307588964700699,0.11434086412191391,0.0001953234022948891,0.0020108672324568033,0.0,0.0023704601917415857,0.0,0.0,0.0,0.0,0.0
114,3.8,0.0,0.0,0.0,0.0,0.0,0.0,0.00860230065882206,0.0,0.0,0.0,0.0,0.0,0.0,0.009128367528319359,0.03001255914568901,0.0,0.0002223507035523653,0.030050791800022125,0.05492572486400604,0.0,0.0,0.0015734186163172126,0.0,0.02015894092619419,0.01950041763484478,0.007037656847387552,0.011956566013395786,0.0036293119192123413,0.0,0.012774414382874966,0.012551197782158852,0.024540459737181664,0.018882015720009804,0.0,0.0,0.0,9.524505730951205e-05,0.06692293286323547,0.06337540596723557,0.04503750428557396,0.041858475655317307,0.0,0.0,0.0,0.13221721351146698,0.13351835310459137,0.0,0.002468446036800742,0.0,0.003271009773015976,0.0,0.0,0.0,0.0,0.0
115,3.8333333333333335,0.0,0.0,0.0,0.0,0.0,0.0,0.012105788104236126,0.0,0.0,0.0,0.0,0.0,0.0,0.012640602886676788,0.026709452271461487,0.00029816487221978605,0.0,0.020411673933267593,0.05964656174182892,0.0,0.0,0.0012358460808172822,0.0,0.027789641171693802,0.02725929394364357,0.005991846788674593,0.011088463477790356,0.0032004686072468758,0.0,0.012751546688377857,0.012537384405732155,0.017810091376304626,0.01651618629693985,0.0,0.0,0.0,0.0,0.04619768634438515,0.04245121031999588,0.03465891256928444,0.032043229788541794,0.00012509094085544348,0.0,0.0,0.14181940257549286,0.14313659071922302,0.0,0.0026003834791481495,0.0,0.004341588821262121,0.0010761515004560351,0.0,0.0,0.0,0.0
116,3.8666666666666667,0.0,0.0,0.0,0.0,0.0,0.0,0.01560322754085064,0.0,0.0,0.0,0.0,0.0,0.0,0.01615758426487446,0.023221245035529137,0.0004534714389592409,0.0,0.020839931443333626,0.060169823467731476,0.0,0.0,0.0010251080384477973,0.0,0.03707050904631615,0.03648346662521362,0.0039983526803553104,0.008792521432042122,0.002929567825049162,0.0,0.013133503496646881,0.01292216032743454,0.01117030717432499,0.013834189623594284,0.0,0.0,0.0,0.0,0.03366131708025932,0.030068213120102882,0.027991801500320435,0.025664756074547768,0.00014877009380143136,0.0,0.0,0.15014134347438812,0.1514884978532791,0.0,0.002893093042075634,0.0,0.008056983351707458,0.005008268635720015,0.0,0.0,0.0,0.0
117,3.9,0.0,0.0,0.0,0.0,0.0,0.0,0.018813960254192352,0.0,0.0,0.0,0.0,0.0,0.0,0.019379684701561928,0.02869473583996296,0.0006625670357607305,0.0,0.03182106837630272,0.06356452405452728,0.0,0.0,0.0010107135167345405,0.0,0.048820145428180695,0.04767025634646416,0.0048925490118563175,0.00978881400078535,0.003483265871182084,0.0,0.014333076775074005,0.013993645086884499,0.0042760069482028484,0.011809083633124828,0.0,0.0,0.0,0.0,0.030685320496559143,0.026693180203437805,0.024773582816123962,0.02200958877801895,2.154070170945488e-05,0.0,0.0,0.15943476557731628,0.16057193279266357,0.0,0.002974648028612137,0.0,0.009279652498662472,0.006061495281755924,0.0,0.0,0.0,0.0
118,3.933333333333333,0.0,0.0,0.0,0.0,0.0,0.0,0.02223546802997589,0.0,0.0,0.0,0.0,0.0,0.0,0.02281217835843563,0.02454334683716297,0.0009702951065264642,0.0,0.0027586123906075954,0.06118218973278999,0.0,0.0,0.00039770928560756147,0.0,0.055924177169799805,0.056095343083143234,0.004148170817643404,0.008866767399013042,0.002767970087006688,0.0,0.014420362189412117,0.014351335354149342,0.011128563433885574,0.008143995888531208,0.0,0.0,0.0,0.0,0.02004953660070896,0.01742038130760193,0.017992336302995682,0.015885761007666588,0.0002407185238553211,0.0,0.0,0.16242964565753937,0.16364406049251556,0.0,0.002975796815007925,0.0,0.011059537529945374,0.008007454685866833,0.0,0.0,0.0,0.0
119,3.966666666666667,0.0,0.0,0.0,0.0,0.0,0.0,0.025378167629241943,0.0,0.0,0.0,0.0,0.0,0.0,0.025970034301280975,0.025501713156700134,0.0015593201387673616,0.0,0.0,0.05186571925878525,0.0,0.0,0.00021727490820921957,0.0,0.06277414411306381,0.0632542073726654,0.0035699300933629274,0.008308024145662785,0.0030815566424280405,0.0,0.014807161875069141,0.014793189242482185,0.015066299587488174,0.009769897907972336,0.008297067135572433,0.0,0.0,0.0,0.014309755526483059,0.01218851562589407,0.010522394441068172,0.008149318397045135,0.0003393257793504745,0.0,0.0,0.16443124413490295,0.16575881838798523,0.0,0.0041745929047465324,0.0006565812509506941,0.01155849825590849,0.00826936587691307,0.0,0.0,0.0,0.0
120,4.0,0.0,0.0,0.0,0.0,0.0,0.00025801733136177063,0.028377989307045937,0.0,0.0,0.0,0.0,0.0,0.0,0.028975140303373337,0.02691875956952572,0.0021642569918185472,0.0,0.0,0.03713051602244377,0.0,0.0,0.00010889628902077675,0.0,0.06482789665460587,0.0658673569560051,0.003397493390366435,0.008542495779693127,0.003320255782455206,0.0,0.014476345852017403,0.014560175128281116,0.01701679266989231,0.013452611863613129,0.025508830323815346,0.0,0.0012535310816019773,0.0,0.008333764970302582,0.006615543272346258,0.002523970091715455,0.0,0.0003728348820004612,0.0,0.0,0.166031152009964,0.16731257736682892,9.662308730185032e-05,0.0050194039940834045,0.0010051202261820436,0.009430121630430222,0.005582392681390047,0.0,0.0,0.0,0.0
121,4.033333333333333,0.0,0.0,0.0,0.0,0.0,0.0,0.03186016157269478,0.0,0.0,0.0,0.0,0.0,0.0,0.03247725963592529,0.05068938061594963,0.0018579581519588828,0.0,0.0,0.09274844825267792,0.0,0.0,0.0008351444266736507,0.0,0.07131247222423553,0.07015394419431686,0.010273667983710766,0.013322502374649048,0.010237524285912514,0.00834891851991415,0.015146923251450062,0.014775882475078106,0.04566824808716774,0.0328943245112896,0.03524336591362953,0.0,0.0,0.003417275147512555,0.013787309639155865,0.010335572063922882,6.847322219982743e-05,0.0,0.0,0.0,0.0016988166607916355,0.18861843645572662,0.18958985805511475,0.0,0.004712884314358234,0.0021038874983787537,0.001209267764352262,0.0,0.0,0.0,0.0,0.0
122,4.066666666666666,0.0,0.0,0.0,0.0,0.0,0.0006121608312241733,0.034193918108940125,0.0,0.0,0.0,0.0,0.0,0.0,0.0348958782851696,0.07388970255851746,0.0009729376179166138,0.0015853099757805467,0.0,0.04159774258732796,0.059437088668346405,0.0,0.001897828304208815,0.0,0.07177028059959412,0.06961067020893097,0.004147747997194529,0.004444074351340532,0.023957766592502594,0.024162400513887405,0.015341373160481453,0.01475601177662611,0.06446302682161331,0.043967608362436295,0.06659166514873505,0.0072514982894063,0.010130359791219234,0.017506128177046776,0.04721325263381004,0.04291386529803276,0.003356158034875989,0.0013879165053367615,0.0,0.0,0.005652220919728279,0.20952735841274261,0.21072080731391907,0.0017586093163117766,0.02304581180214882,0.020259758457541466,0.0002124490711139515,0.0,0.0,0.0,0.0,0.0
123,4.1,5.128257907927036e-05,0.0,0.0,0.0,0.0,0.0,0.03577543795108795,0.0,0.0,0.0,0.0,0.0,0.0,0.036620430648326874,0.07970383018255234,0.00275069079361856,0.0035616017412394285,0.0,0.0,0.22499153017997742,0.0,0.0033485814929008484,0.0,0.07326461374759674,0.07055008411407471,0.0,0.0005055621149949729,0.036918435245752335,0.03527373820543289,0.015743238851428032,0.01494069118052721,0.03890150412917137,0.03339167311787605,0.08264792710542679,0.021902626380324364,0.0066353022120893,0.01359617430716753,0.09016358852386475,0.08441945165395737,0.027399728074669838,0.021383527666330338,0.0,0.0,0.011864636093378067,0.22805805504322052,0.22956033051013947,0.007830861024558544,0.042363282293081284,0.03733675181865692,0.0023612251970916986,0.0,0.0,0.0,0.0,0.0
124,4.133333333333334,0.0,0.0,0.0,0.0,0.0,0.0,0.03810968995094299,0.0,0.0,0.0,0.0,0.0,0.0,0.03901311755180359,0.09321176260709763,0.004722842015326023,0.006646010559052229,0.0,0.0,0.3819142282009125,0.010001875460147858,0.004535021726042032,0.0,0.060187071561813354,0.05598689243197441,0.0,0.0,0.04652684926986694,0.04269260913133621,0.013991206884384155,0.012941828928887844,0.016019945964217186,0.02907649055123329,0.14474762976169586,0.02886347472667694,0.017800552770495415,0.025320304557681084,0.10289285331964493,0.09449734538793564,0.02764606475830078,0.021810172125697136,0.0,0.0,0.02048162743449211,0.24723151326179504,0.24887202680110931,0.01665426604449749,0.05117392912507057,0.04630284756422043,0.0015312446048483253,0.0,0.0,0.0,0.0,0.0
125,4.166666666666667,0.0,0.0,0.0,0.0,0.0,0.0,0.041073963046073914,0.0,0.0,0.0,0.0,0.0,0.0,0.041920531541109085,0.08208340406417847,0.007653187494724989,0.008576284162700176,0.0,0.0,0.49096381664276123,0.05701018497347832,0.005328019615262747,0.0,0.05849943682551384,0.05119592696428299,0.0035388455726206303,0.005671028513461351,0.03312623128294945,0.02815401554107666,0.011726975440979004,0.010159009136259556,0.0,0.027774635702371597,0.12639443576335907,0.027318689972162247,0.01241216342896223,0.020047685131430626,0.10397084057331085,0.09641647338867188,0.012687352485954762,0.003354667918756604,0.0,0.0,0.02847977727651596,0.2605685293674469,0.2622479796409607,0.024057110771536827,0.038333959877491,0.032608598470687866,0.0002386224950896576,0.0,0.0,0.0,0.0,0.0
126,4.2,0.0,0.0,0.0,0.0,0.0,0.0,0.045499108731746674,0.0,0.0,0.0,0.0,0.0,0.0,0.04637906700372696,0.058202989399433136,0.008127288892865181,0.008944696746766567,0.0,0.0,0.533851146697998,0.22102239727973938,0.008456096984446049,0.0,0.05237569287419319,0.047608260065317154,0.0027401826810091734,0.008532646112143993,0.013930488377809525,0.006486375350505114,0.008800029754638672,0.007727473974227905,0.0,0.015133052133023739,0.12498962134122849,0.02653968334197998,0.006212782114744186,0.009029598906636238,0.06798671931028366,0.06158322095870972,0.010806845501065254,0.0033665455412119627,0.0,0.0,0.03982594981789589,0.27413246035575867,0.27696332335472107,0.026315251365303993,0.023786183446645737,0.019349709153175354,0.001412358833476901,0.0,0.0,0.0,0.0,0.0
127,4.233333333333333,0.0,0.0,0.0,0.0,0.0,0.0,0.050271037966012955,0.0,0.0,0.0,0.0,0.0,0.0,0.05109874904155731,0.03449125960469246,0.007941254414618015,0.006549632642418146,0.013969461433589458,0.04160008579492569,0.4522780776023865,0.415783554315567,0.009766331873834133,0.000689855485688895,0.04724359139800072,0.04602769762277603,0.01056299265474081,0.016851751133799553,0.004256205167621374,0.0,0.005174444057047367,0.004812459461390972,0.0,0.013025089167058468,0.10780519992113113,0.01625117100775242,0.0020647747442126274,0.000720655545592308,0.01086351927369833,0.006745162885636091,0.0025317652616649866,0.0,0.0003648637793958187,0.0,0.05088116228580475,0.2842828333377838,0.2879205048084259,0.023890456184744835,0.004663399420678616,0.0028095049783587456,0.0005924214492551982,0.0,0.0,0.0,0.0,0.0
128,4.266666666666667,0.0,0.0,0.0,0.0,0.0,0.0,0.05492480844259262,0.0,0.0,0.0,0.0,0.0,0.0,0.055741164833307266,0.02708444744348526,0.009078300558030605,0.0022614754270762205,0.07034093886613846,0.13370612263679504,0.2925134301185608,0.6400463581085205,0.0077547128312289715,0.0,0.041455429047346115,0.04388657584786415,0.032544028013944626,0.03957807645201683,0.00022757922124583274,0.0,0.0,0.0002902981941588223,0.0,0.01367684081196785,0.0800386294722557,0.005470860283821821,0.007080866489559412,0.0,0.0,0.0,0.0,0.0,0.0006561007467098534,0.0,0.06622300297021866,0.29277774691581726,0.29727575182914734,0.022400887683033943,0.0,0.0,0.0,0.0,0.0,0.0,0.0,0.0
129,4.3,0.0,0.0,0.0,0.0,0.0,0.0,0.0601041242480278,0.0,0.0,0.0,0.0,0.0,0.0,0.06108991801738739,0.020131641998887062,0.014627570286393166,0.0,0.13016198575496674,0.21783998608589172,0.15468554198741913,0.806581437587738,0.0030432373750954866,0.0,0.03839867562055588,0.04236271604895592,0.058897148817777634,0.06580428034067154,0.0,0.0,0.0,9.677441994426772e-05,0.0,0.008389684371650219,0.048941828310489655,0.002303371438756585,0.010011612437665462,0.0,0.0,0.0,0.0,0.0015999211464077234,0.000987083069048822,0.0,0.0836881548166275,0.29800674319267273,0.30336159467697144,0.021440820768475533,0.0,0.0,0.0,0.0,0.0,0.0,0.0,0.0
130,4.333333333333333,0.0,0.0,0.0,0.0,0.0,0.0,0.06395326554775238,0.0,0.0,0.0,0.0,0.0,0.0,0.06498566269874573,0.019163239747285843,0.01704956218600273,0.0,0.1499319076538086,0.24730078876018524,0.06540828198194504,0.8933362364768982,0.0,0.0,0.03110663965344429,0.037975043058395386,0.07205121964216232,0.07655512541532516,0.0,0.0,0.0,0.00043660050141625106,0.0,0.005430800840258598,0.030130328610539436,0.010034113191068172,0.008300970308482647,0.0,0.0,0.0,0.0,0.00743094552308321,0.0014018017100170255,0.0,0.09198685735464096,0.29480892419815063,0.30019453167915344,0.01971798576414585,0.0,0.002123309066519141,0.0,0.0,0.0,0.0,0.0,0.0
131,4.366666666666666,0.0,0.0,0.0,0.0,0.0,0.0,0.0662902295589447,0.0,0.0,0.0,0.0,0.0,0.0,0.06737476587295532,0.033533137291669846,0.02228729799389839,0.0049386112950742245,0.2310759425163269,0.26719561219215393,0.08400562405586243,0.8437497019767761,0.0,0.0015570682007819414,0.015375727787613869,0.02923055924475193,0.08717311918735504,0.09490660578012466,0.0,0.0,0.0,0.0010669141774997115,0.0,0.004005277529358864,0.0,0.02356031909584999,0.012433192692697048,0.0,0.0,0.0,0.0,0.009082445874810219,0.0016636966029182076,0.0,0.0921894907951355,0.28768864274024963,0.2930372655391693,0.02002713456749916,0.0,0.0007310262299142778,0.0,0.0,0.0,0.0,0.0,0.0
132,4.4,0.0,0.0,0.0,0.0,0.0,0.0,0.06652157008647919,0.0,0.0,0.0,0.0,0.0,0.0,0.06758631765842438,0.035511646419763565,0.027607042342424393,0.011092748492956161,0.2533864974975586,0.24340078234672546,0.17853672802448273,0.6798866391181946,0.0,0.002711209235712886,0.008258468471467495,0.025169117376208305,0.09069213271141052,0.0985310822725296,0.0,0.00037032473483122885,0.0,0.001631114981137216,0.0,0.012014837935566902,0.0,0.03631461411714554,0.011706514284014702,0.0,0.0015500102890655398,0.0,0.0,0.009558149613440037,0.0019082414219155908,0.0,0.08671789616346359,0.2771369218826294,0.282441109418869,0.01587505079805851,0.0,0.0014055841602385044,0.0,0.0,0.0,0.0,0.0,0.0
133,4.433333333333334,4.9537557060830295e-05,0.0,0.0,0.0,0.0,0.0,0.06514587998390198,0.0,0.0,0.0,0.0,0.0,0.0,0.06628672033548355,0.02898917905986309,0.03336681053042412,0.017081042751669884,0.248345747590065,0.23515811562538147,0.29283297061920166,0.4840785264968872,0.0,0.004619922023266554,0.0045280009508132935,0.021129542961716652,0.08519163727760315,0.08884619921445847,0.0,0.006129391957074404,0.0,0.0017385034589096904,0.0,0.02967686578631401,0.0,0.047355201095342636,0.009920983575284481,0.003809060202911496,0.00443672901019454,0.0,0.0,0.011091251857578754,0.0015515267150476575,0.0,0.08548445254564285,0.2775432765483856,0.28295037150382996,0.012435458600521088,0.0003121080808341503,0.004296780563890934,0.0,0.0,0.0,0.0,0.0,0.0
134,4.466666666666667,0.00020505032443907112,0.0,0.0,0.0,0.0,0.0,0.06338360905647278,0.0,0.0,0.0,0.0,0.0,0.0,0.06462665647268295,0.011125218123197556,0.0380801260471344,0.023581361398100853,0.2129744589328766,0.22535340487957,0.4369371831417084,0.3167656660079956,0.0,0.001644605421461165,0.010731819085776806,0.02227558195590973,0.0805063471198082,0.08031684905290604,0.0079461969435215,0.016489800065755844,0.0,0.0009618930635042489,0.0,0.034192461520433426,0.0,0.0683860331773758,0.021808983758091927,0.024251757189631462,0.010185029357671738,0.0018748358124867082,0.0,0.010925458744168282,0.0013066562823951244,0.0,0.08955534547567368,0.2800901532173157,0.285093754529953,0.008033592253923416,0.0,0.003761307103559375,0.0,0.0,0.0,0.0,0.0,0.0
135,4.5,0.0003488460788503289,0.0,0.0,0.0,0.0,0.0,0.06051967665553093,0.0,0.0,0.0,0.0,0.0,0.0,0.061777859926223755,0.000656169606372714,0.04026896506547928,0.025098556652665138,0.15865539014339447,0.18164899945259094,0.5073449611663818,0.14269636571407318,0.0,0.0004906610702164471,0.032043855637311935,0.03772024065256119,0.06133536621928215,0.05662927031517029,0.02067822776734829,0.03095533512532711,0.0012178542092442513,0.001775834010913968,0.0,0.03930005058646202,0.0,0.08450422435998917,0.024430593475699425,0.03487994894385338,0.028963183984160423,0.02202892117202282,0.02139049768447876,0.032319407910108566,0.0016083094524219632,0.0,0.08982743322849274,0.28102439641952515,0.28586405515670776,0.0,0.012697658501565456,0.016841383650898933,0.0,0.0,0.0,0.0,0.0,0.0
136,4.533333333333333,0.0005491736228577793,0.0,0.0,0.0,0.0,0.0,0.05714362859725952,0.0,0.0,0.0,0.0,0.0,0.0,0.058437030762434006,0.023815888911485672,0.04057423397898674,0.023338399827480316,0.12587013840675354,0.12972001731395721,0.5754892230033875,0.03091617301106453,7.78834419179475e-06,0.0,0.051405906677246094,0.05187685415148735,0.039164211601018906,0.034286752343177795,0.03131689876317978,0.039559196680784225,0.00419967295601964,0.004155626054853201,0.0,0.042449358850717545,0.0,0.0881371945142746,0.007435564883053303,0.020603222772479057,0.06820269674062729,0.06487970799207687,0.05769622325897217,0.06159047409892082,0.0018250144785270095,0.0,0.0875956267118454,0.2840626835823059,0.28912076354026794,0.0,0.029704784974455833,0.031030230224132538,0.0010605062125250697,0.0,0.0,0.0,0.0,0.0
137,4.566666666666666,0.0007604678394272923,0.0,0.0,0.0,0.0,0.0,0.053832702338695526,0.0,0.0,0.0,0.0,0.0,0.0,0.05514993891119957,0.04301941394805908,0.037666138261556625,0.025778958573937416,0.04641662910580635,0.10142543166875839,0.6634077429771423,0.0,0.0012324422132223845,0.0,0.061611056327819824,0.06341405212879181,0.0274382084608078,0.02611638605594635,0.035188939422369,0.04196200519800186,0.005184726789593697,0.005328150931745768,0.0,0.039982881397008896,0.0058707124553620815,0.08732607215642929,0.007843009196221828,0.01810457371175289,0.10095510631799698,0.1011633425951004,0.07723303139209747,0.07423777878284454,0.0017004536930471659,0.0,0.08766670525074005,0.2879931628704071,0.29294487833976746,0.0021168726962059736,0.02844443917274475,0.02522020973265171,0.003245934611186385,0.0,0.0,0.0,0.0,0.0
138,4.6,0.001008591614663601,0.0,0.0,0.0,0.0,0.0,0.04899105429649353,0.0,0.0,0.0,0.0,0.0,0.0,0.05026445910334587,0.0467098094522953,0.0320083312690258,0.026369884610176086,0.0,0.05483691766858101,0.592151939868927,0.0,0.0012147322995588183,0.0,0.08364512771368027,0.0881333202123642,0.011285831220448017,0.01198745146393776,0.04840332642197609,0.05462474375963211,0.010301543399691582,0.010986050590872765,0.01893453858792782,0.04666367173194885,0.014183291234076023,0.08018093556165695,0.0,0.007600862067192793,0.140036940574646,0.14221836626529694,0.11259617656469345,0.10910370200872421,0.0017182128503918648,0.0,0.08392356336116791,0.2897057831287384,0.2944645285606384,0.0,0.03099268674850464,0.027028841897845268,0.007119952235370874,0.002158163581043482,0.0,0.0,0.0,0.0
139,4.633333333333334,0.001198100857436657,0.0,0.0,0.0,0.0,0.0,0.04483550041913986,0.0,0.0,0.0,0.0,0.0,0.0,0.04615849256515503,0.05112695321440697,0.027921894565224648,0.025842180475592613,0.0,0.0,0.5913434624671936,0.0,0.003953955601900816,0.0019803333561867476,0.07528399676084518,0.0831269845366478,0.0,0.0020084120333194733,0.04362557455897331,0.04897217079997063,0.009968530386686325,0.011351975612342358,0.015065650455653667,0.05231532081961632,0.0458216555416584,0.06832318007946014,0.003755676792934537,0.007945855148136616,0.1360991895198822,0.13840314745903015,0.11816438287496567,0.1165841594338417,0.0018093051621690392,0.0,0.08193670213222504,0.2917889356613159,0.29685285687446594,0.0015730971936136484,0.03287920355796814,0.029767900705337524,0.005027102772146463,0.0008560678106732666,0.0,0.0,0.0,0.0
140,4.666666666666667,0.0008294529397971928,0.0,0.0,0.0,0.0,0.0,0.04208698496222496,0.0,0.0,0.0,0.0,0.0,0.0,0.04336564987897873,0.052877407521009445,0.02350240759551525,0.023229330778121948,0.014588497579097748,0.008520751260221004,0.5039323568344116,0.0,0.0018908161437138915,8.86245325091295e-05,0.08023758977651596,0.08791744709014893,0.0,0.0,0.02716575562953949,0.03559143841266632,0.011298789642751217,0.012843738310039043,0.004227369092404842,0.05341612547636032,0.011411105282604694,0.05799764022231102,0.0,0.004385516047477722,0.13778570294380188,0.14303100109100342,0.12686499953269958,0.126107320189476,0.0017551736673340201,0.0,0.0825633704662323,0.29543232917785645,0.30031609535217285,0.0002852878242265433,0.031749069690704346,0.03103482723236084,0.006995286792516708,0.004707093816250563,0.0,0.0,0.0,0.0
141,4.7,0.000126539176562801,0.0,0.0,0.0,0.0,0.0,0.03996498882770538,0.0,0.0,0.0,0.0,0.0,0.0,0.04111352190375328,0.08242654800415039,0.02054034173488617,0.017845092341303825,0.11039060354232788,0.01756298914551735,0.3032173812389374,0.0,0.0007262820145115256,0.0,0.10209480673074722,0.10579651594161987,0.007515545468777418,0.004208275582641363,0.028976494446396828,0.037852317094802856,0.017913775518536568,0.018941953778266907,0.0,0.04754975438117981,0.0,0.04845941439270973,0.0,0.002335446886718273,0.17554210126399994,0.18140888214111328,0.14797566831111908,0.14936821162700653,0.0017453670734539628,0.0,0.08274474740028381,0.3009249269962311,0.3058956563472748,0.0,0.027986129745841026,0.030429352074861526,0.009419869631528854,0.009835346601903439,0.0,0.0,0.0,0.0
142,4.733333333333333,0.0,0.0,0.0,0.0,0.0,0.0,0.038805361837148666,0.0,0.0,0.0,0.0,0.0,0.0,0.039929524064064026,0.10164230316877365,0.016561292111873627,0.01331637054681778,0.15960927307605743,0.01954461634159088,0.18879331648349762,0.0,0.0004999546799808741,0.0,0.10348953306674957,0.10752208530902863,0.012416268698871136,0.008444457314908504,0.02870778739452362,0.03804188221693039,0.020729390904307365,0.021851597353816032,0.0,0.03695430979132652,0.0,0.044345270842313766,0.0,0.0015602909261360765,0.2051580399274826,0.21241597831249237,0.15584683418273926,0.15788982808589935,0.0018181279301643372,0.0,0.08323729783296585,0.30604714155197144,0.31131452322006226,0.0,0.023230556398630142,0.02611486427485943,0.010573497042059898,0.011515370570123196,0.0,0.0,0.0,0.0
143,4.766666666666667,0.0,0.0,0.0,0.0,0.0,0.0,0.03825359046459198,0.0,0.0,0.0,0.0,0.0,0.0,0.03934348002076149,0.11720653623342514,0.01539748627692461,0.008481456898152828,0.21876883506774902,0.040768735110759735,0.15958388149738312,0.0,0.00017964112339541316,0.0,0.09317375719547272,0.09715355932712555,0.01850675232708454,0.015684781596064568,0.025756552815437317,0.03365746885538101,0.02061012201011181,0.021589310839772224,0.0,0.025893649086356163,0.0,0.04449253901839256,0.0,0.0005891487817279994,0.22583703696727753,0.23197054862976074,0.15411503612995148,0.15474160015583038,0.0018486827611923218,0.0,0.08281436562538147,0.3076294958591461,0.3127519488334656,0.0024702942464500666,0.018037812784314156,0.01905226893723011,0.006645651999861002,0.006130975671112537,0.0,0.0,0.0,0.0
144,4.8,0.0,0.0,0.0,0.0,0.0,0.0,0.037496939301490784,0.0,0.0,0.0,0.0,0.0,0.0,0.0385865792632103,0.12381657212972641,0.01320356409996748,0.00662488816305995,0.20291295647621155,0.04518204182386398,0.11633973568677902,0.0,1.779114427336026e-05,0.0,0.09355273097753525,0.09555190056562424,0.020994681864976883,0.01932397484779358,0.036044150590896606,0.04186318442225456,0.02255352959036827,0.023021889850497246,0.0009556036675348878,0.016075700521469116,0.0,0.046939168125391006,0.0,0.004114590119570494,0.25714895129203796,0.261639803647995,0.16388778388500214,0.16078771650791168,0.0017532018246129155,0.0,0.08101223409175873,0.30801212787628174,0.31280139088630676,0.0004082418163307011,0.018312089145183563,0.016997938975691795,0.0068580168299376965,0.004216463770717382,0.0,0.0,0.0,0.0
145,4.833333333333333,6.434370880015194e-05,0.0,0.0,0.0,0.0,0.0,0.03613864257931709,0.0,0.0,0.0,0.0,0.0,0.0,0.03728624805808067,0.10424937307834625,0.00934007577598095,0.005898054223507643,0.10865338146686554,0.03770463168621063,0.09352132678031921,0.0,0.00042982609011232853,0.0,0.08607017248868942,0.08959341794252396,0.015792423859238625,0.016209736466407776,0.04334239661693573,0.04697823524475098,0.02223891392350197,0.022857731208205223,0.02737336792051792,0.014468079432845116,0.0,0.04729750379920006,0.0,0.0035632860381156206,0.26270371675491333,0.26612916588783264,0.17037026584148407,0.166138157248497,0.0018521754536777735,0.0,0.07924714684486389,0.30673548579216003,0.3114832937717438,0.0,0.01448244322091341,0.011374646797776222,0.004594691563397646,0.001168982358649373,0.0,0.0,0.0,0.0
146,4.866666666666666,0.00016148028953466564,0.0,0.0,0.0,0.0,0.0,0.034849297255277634,0.0,0.0,0.0,0.0,0.0,0.0,0.036066122353076935,0.06854525953531265,0.0032669324427843094,0.00770206842571497,0.050226934254169464,0.0,0.012077284045517445,0.0,0.002040412276983261,0.0,0.09505928307771683,0.09684938192367554,0.004981473553925753,0.0049337041564285755,0.0545864962041378,0.05668379366397858,0.02535868063569069,0.025737790390849113,0.05377665162086487,0.014449681155383587,0.0,0.04629870504140854,0.0,0.004145595710724592,0.2689353823661804,0.27277928590774536,0.20207500457763672,0.19731543958187103,0.0019450144609436393,0.0,0.08032671362161636,0.3117542266845703,0.31750229001045227,0.0,0.021947167813777924,0.020807558670639992,0.008501431904733181,0.006765779107809067,0.0,0.0,0.0,0.0
147,4.9,0.0,0.0,0.0,0.0,0.0,0.0,0.034234777092933655,0.0,0.0,0.0,0.0,0.0,0.0,0.03547390550374985,0.03787762299180031,0.0,0.009469880722463131,0.039100389927625656,0.000764228287152946,0.0,0.0,0.003563645062968135,0.0,0.11007391661405563,0.1103866845369339,0.0015015563694760203,0.0,0.05501047521829605,0.058014605194330215,0.02921297214925289,0.02945062890648842,0.09466203302145004,0.024367805570364,0.0,0.033794302493333817,0.0,0.00704854866489768,0.24358104169368744,0.24845023453235626,0.21754541993141174,0.21533362567424774,0.0019187378929927945,0.0,0.08351660519838333,0.3209576904773712,0.32732951641082764,0.0,0.023239493370056152,0.025386890396475792,0.014300969429314137,0.015344418585300446,0.0,0.0,0.0,0.0
148,4.933333333333334,0.0,0.0,0.0,0.0,0.0,0.0,0.03427232429385185,0.0,0.0,0.0,0.0,0.0,0.0,0.03549870476126671,0.04578317329287529,0.0,0.011141728609800339,0.1702796220779419,0.0,0.0,0.0,0.003999550826847553,0.0,0.10705681890249252,0.10580990463495255,0.0,0.0,0.0518164224922657,0.05035638064146042,0.031189167872071266,0.03098900616168976,0.05182420834898949,0.01346239261329174,0.0,0.028189925476908684,0.0,0.0030941979493945837,0.253259539604187,0.2548588216304779,0.2231292575597763,0.21750818192958832,0.0017696332652121782,0.0,0.08887116611003876,0.3290194869041443,0.33530810475349426,0.0,0.029242785647511482,0.02859780751168728,0.02218059077858925,0.021793756633996964,0.0,0.0,0.0,0.0
149,4.966666666666667,0.0,0.0,0.0,0.0,0.0,0.0,0.03452451154589653,0.0,0.0,0.0,0.0,0.0,0.0,0.0356680192053318,0.05962105467915535,0.0,0.007681333925575018,0.436937540769577,0.015127360820770264,0.0,0.0,0.004408341832458973,0.0,0.102820985019207,0.10154246538877487,0.0,0.00453949673101306,0.03603404015302658,0.031550079584121704,0.03184566646814346,0.03149157762527466,0.0,0.0,0.0,0.023035233840346336,0.0,0.0,0.27285608649253845,0.27362820506095886,0.21488884091377258,0.203280970454216,0.0017171812942251563,0.0,0.09038300812244415,0.33268383145332336,0.33875545859336853,0.0033078105188906193,0.02296341583132744,0.017960654571652412,0.026005670428276062,0.02268018014729023,0.0,0.0,0.0,0.0
150,5.0,0.0,0.0,0.0,0.0,0.0,0.0,0.036564990878105164,0.0,0.0,0.0,0.0,0.0,0.0,0.03762243688106537,0.08151547610759735,0.0034806604962795973,0.0075791701674461365,0.6425600647926331,0.04297085851430893,0.0,0.0,0.0038237811531871557,0.0,0.09538372606039047,0.09444321691989899,0.01160970889031887,0.019690146669745445,0.020550012588500977,0.014122117310762405,0.03073383867740631,0.030260223895311356,0.0,0.0,0.0,0.015673235058784485,0.0,0.0,0.2905552387237549,0.2933066785335541,0.19522927701473236,0.17649191617965698,0.0015066094929352403,0.0,0.09013598412275314,0.3347775936126709,0.34046685695648193,0.01387828029692173,0.00847791600972414,0.0,0.01703706942498684,0.009975015185773373,0.0,0.0,0.0,0.0
151,5.033333333333333,0.0,0.0,0.0,0.0,0.0,0.0,0.03963247314095497,0.0,0.0,0.0,0.0,0.0,0.0,0.040612056851387024,0.09283901751041412,0.008990701287984848,0.010293242521584034,0.8220560550689697,0.06886788457632065,0.0076189967803657055,0.0,0.0028082935605198145,0.0,0.09487944096326828,0.09259629249572754,0.029560431838035583,0.038206275552511215,0.012411351315677166,0.007539089769124985,0.02959148958325386,0.028724709525704384,0.0,0.0,0.0,0.016428537666797638,0.0,0.0,0.31034961342811584,0.314219206571579,0.179567351937294,0.15506203472614288,0.0010850477265194058,0.0,0.08794745057821274,0.3355853855609894,0.34055715799331665,0.021649420261383057,0.008051078766584396,0.0,0.009296359494328499,0.0,0.0,0.0,0.0,0.0
152,5.066666666666666,0.0,0.0,0.0,0.0,0.0,0.0,0.042039304971694946,0.0,0.0,0.0,0.0,0.0,0.0,0.04291675239801407,0.10267595201730728,0.014695927500724792,0.01567789725959301,0.9287304878234863,0.09177474677562714,0.014370092190802097,0.0,0.002311510732397437,0.0,0.09975533187389374,0.09680204093456268,0.04523333162069321,0.05538007244467735,0.01538438256829977,0.011160689406096935,0.028930945321917534,0.027705950662493706,0.009972253814339638,0.0,0.0,0.019892482087016106,0.0,0.004324710927903652,0.3285811245441437,0.33175405859947205,0.1678779572248459,0.136966735124588,0.0004565551644191146,0.0,0.0881802886724472,0.33445215225219727,0.33807259798049927,0.02358555980026722,0.009523771703243256,0.0,0.010804899968206882,0.0,0.0,0.0,0.0,0.0
153,5.1,0.0,0.0,0.0,0.0,0.0,0.0,0.04297587648034096,0.0,0.0,0.0,0.0,0.0,0.0,0.04379748925566673,0.11518795788288116,0.018320318311452866,0.021423043683171272,0.8763195872306824,0.1154944971203804,0.006268254015594721,0.0,0.0018985957140102983,0.0,0.09561725705862045,0.09499984234571457,0.05529974028468132,0.06590106338262558,0.024969326332211494,0.020699644461274147,0.026703977957367897,0.025806516408920288,0.039622627198696136,0.0,0.010562394745647907,0.019610542804002762,0.0,0.005113633815199137,0.3213513195514679,0.32369646430015564,0.15263040363788605,0.12217400223016739,0.00025383016327396035,0.0,0.0908019170165062,0.3290182650089264,0.3316241502761841,0.022176584228873253,0.008985757827758789,0.0,0.010544026270508766,0.0,0.0,0.0,0.0,0.0
154,5.133333333333334,0.0,0.0,0.0,0.0,0.0,0.0,0.04259060323238373,0.0,0.0,0.0,0.0,0.0,0.0,0.043479856103658676,0.1074451208114624,0.01964389905333519,0.022221162915229797,0.527452290058136,0.0921112596988678,0.0,0.0,0.0020964459981769323,0.0,0.0943673700094223,0.09703443199396133,0.046940017491579056,0.0553232841193676,0.056372012943029404,0.05114498734474182,0.02668221853673458,0.02645479515194893,0.10274352878332138,0.008408864960074425,0.05286940187215805,0.01781320944428444,0.019791653379797935,0.021811362355947495,0.28905776143074036,0.28787896037101746,0.15853963792324066,0.13941650092601776,0.0006639580824412405,0.0,0.0933249294757843,0.3197785019874573,0.3223998248577118,0.007539568934589624,0.008030509576201439,0.0,0.008250679820775986,0.0,0.0,0.0,0.0,0.0
155,5.166666666666667,0.0,0.0,0.0,0.0,0.0,0.0,0.04118596017360687,0.0,0.0,0.0,0.0,0.0,0.0,0.04221631959080696,0.0645899772644043,0.021731097251176834,0.019836168736219406,0.23056083917617798,0.07755443453788757,0.0,0.0,0.0031167143024504185,0.0,0.08827938884496689,0.09226687252521515,0.04373997822403908,0.05008101090788841,0.07097475230693817,0.06704103201627731,0.02498552016913891,0.025116074830293655,0.1514173299074173,0.015410415828227997,0.08170756697654724,0.01998210698366165,0.04417487978935242,0.04256666451692581,0.239746555685997,0.23694124817848206,0.1663655787706375,0.15582740306854248,0.001293226727284491,0.0,0.09488844871520996,0.31299537420272827,0.31679829955101013,0.0,0.005235865246504545,0.0,0.004933441523462534,0.0,0.0,0.0,0.0,0.0
156,5.2,0.0,0.0,0.0,0.0,0.0,0.0,0.04009046405553818,0.0,0.0,0.0,0.0,0.0,0.0,0.04136396944522858,0.0302878525108099,0.0230497308075428,0.01969650574028492,0.02068663388490677,0.0697065070271492,0.001926350756548345,0.0,0.0028665827121585608,0.0,0.07766997069120407,0.08034871518611908,0.04701472446322441,0.048085179179906845,0.06701109558343887,0.06828784197568893,0.0214394498616457,0.021613698452711105,0.18968144059181213,0.013919535093009472,0.10787174850702286,0.030048811808228493,0.071004219353199,0.07411244511604309,0.19069799780845642,0.1891733556985855,0.16822509467601776,0.16428400576114655,0.0016091085271909833,0.0,0.09651387482881546,0.31234416365623474,0.31711968779563904,0.0,0.0009521171450614929,0.0,0.00017819160711951554,0.0,0.0,0.0,0.0,0.0
157,5.233333333333333,0.0005240575992502272,0.0,0.0,0.0,0.0,0.0,0.03845546394586563,0.0,0.0,0.0,0.0,0.0,0.0,0.03994353860616684,0.04964805394411087,0.02650882862508297,0.019697299227118492,0.0,0.0,0.11519160866737366,0.0,0.001834130729548633,0.0,0.06043553352355957,0.06162754446268082,0.028106242418289185,0.030818089842796326,0.08058726042509079,0.07793625444173813,0.019804565235972404,0.01970844529569149,0.19316132366657257,0.020152265205979347,0.19431965053081512,0.04139174148440361,0.09522710740566254,0.09663768112659454,0.1790616363286972,0.17243550717830658,0.17356890439987183,0.1721266657114029,0.0016844923375174403,0.0,0.09578903764486313,0.31305980682373047,0.31810900568962097,0.003748895600438118,0.004084413405507803,0.0,0.0,0.0,0.0,0.0,0.0,0.0
158,5.266666666666667,0.0007412259583361447,0.0,0.0,0.0,0.0,0.0,0.03664667159318924,0.0,0.0,0.0,0.0,0.0,0.0,0.038224268704652786,0.09208215773105621,0.027951538562774658,0.020950615406036377,0.0,0.0,0.23468340933322906,0.0,0.003196119563654065,0.0,0.043354332447052,0.04079929366707802,0.0,0.006015447434037924,0.11404585093259811,0.10120169818401337,0.022236451506614685,0.021360501646995544,0.14004984498023987,0.004959426820278168,0.2535918354988098,0.05473992973566055,0.0800902396440506,0.07798798382282257,0.19508498907089233,0.17922277748584747,0.21114972233772278,0.2090512365102768,0.0016608786536380649,0.0,0.0942738801240921,0.31631016731262207,0.3215440809726715,0.004053120501339436,0.022768240422010422,0.01591920107603073,0.0049384115263819695,0.0031700003892183304,0.0,0.0,0.0,0.0
159,5.3,0.0005791626172140241,0.0,0.0,0.0,0.0,0.0,0.03661181405186653,0.0,0.0,0.0,0.0,0.0,0.0,0.038189783692359924,0.09490686655044556,0.02814261056482792,0.022321240976452827,0.0,0.0,0.4353751540184021,0.04472573101520538,0.005965312477201223,0.001124302507378161,0.009528644382953644,0.0063395933248102665,0.0,0.004845555406063795,0.11114949733018875,0.0974683165550232,0.018572760745882988,0.017552366480231285,0.04919853433966637,0.0029184455052018166,0.26368725299835205,0.05690963938832283,0.0782502144575119,0.07663845270872116,0.19891133904457092,0.1809881627559662,0.19776245951652527,0.19203844666481018,0.0011173186358064413,0.0,0.09754554182291031,0.3249024748802185,0.3297918438911438,0.020529208704829216,0.028464315459132195,0.019987838342785835,0.002523506758734584,0.0,0.0,0.0,0.0,0.0
160,5.333333333333333,0.0004841978952754289,0.0,0.0,0.0,0.0,0.0,0.03797285631299019,0.0,0.0,0.0,0.0,0.0,0.0,0.03949994593858719,0.06527352333068848,0.029632607474923134,0.021597815677523613,0.0,0.0,0.547102153301239,0.09252382814884186,0.005844908766448498,0.0,0.0038424835074692965,9.598881297279149e-05,0.0,0.008054721169173717,0.07656867057085037,0.06627914309501648,0.015279657207429409,0.014219964854419231,0.0,0.01399744488298893,0.18734128773212433,0.04671710729598999,0.05937394127249718,0.05926486849784851,0.1920824646949768,0.17980419099330902,0.17005175352096558,0.1593206375837326,0.0013229197356849909,0.0,0.10064401477575302,0.32931315898895264,0.3345412015914917,0.029552588239312172,0.015890449285507202,0.007602612022310495,0.001505393534898758,0.0,0.0,0.0,0.0,0.0
161,5.366666666666666,0.00048648525262251496,0.0,0.0,0.0,0.0,0.0,0.0380907766520977,0.0,0.0,0.0,0.0,0.0,0.0,0.03952893614768982,0.03313771262764931,0.03379175439476967,0.02062823437154293,0.026041489094495773,0.04251958429813385,0.6272388696670532,0.10781805962324142,0.005551876034587622,0.0,0.010324043221771717,0.006066055502742529,0.018079373985528946,0.028386060148477554,0.04902530089020729,0.03726658597588539,0.012894679792225361,0.011637766845524311,0.0,0.02120920643210411,0.12027908861637115,0.03589058294892311,0.03583262860774994,0.03265773877501488,0.1775156855583191,0.16777269542217255,0.14211176335811615,0.12957237660884857,0.001811149064451456,0.0,0.10369864106178284,0.32696273922920227,0.3326742649078369,0.030241427943110466,0.006097042933106422,0.0,0.0006566016818396747,0.0,0.0,0.0,0.0,0.0
162,5.4,0.00010253726213704795,0.0,0.0,0.0,0.0,0.0,0.03924129158258438,0.0,0.0,0.0,0.0,0.0,0.0,0.040629588067531586,0.009235845878720284,0.03827928379178047,0.018578916788101196,0.034706197679042816,0.0892195999622345,0.6626019477844238,0.15248221158981323,0.003905756864696741,0.0,0.016781171783804893,0.016244305297732353,0.03638022020459175,0.04694885388016701,0.022674761712551117,0.013408256694674492,0.009794401936233044,0.00922467466443777,0.0,0.02093641087412834,0.09013529121875763,0.029987310990691185,0.020913507789373398,0.016246624290943146,0.14363357424736023,0.13786864280700684,0.11531510204076767,0.1057952418923378,0.0018191019771620631,0.0,0.10977164655923843,0.32754456996917725,0.33346569538116455,0.028290284797549248,0.0025104093365371227,0.0,0.0005846885032951832,0.0,0.0,0.0,0.0,0.0
163,5.433333333333334,0.0,0.0,0.0,0.0,0.0,0.0,0.04132123291492462,0.0,0.0,0.0,0.0,0.0,0.0,0.04265158250927925,0.0,0.04226440563797951,0.01650300621986389,0.07674231380224228,0.1595476120710373,0.6566336750984192,0.21502842009067535,0.001916752546094358,0.0,0.028985321521759033,0.02977818250656128,0.055166978389024734,0.06615861505270004,0.00858016312122345,0.0,0.0072134146466851234,0.00685433903709054,0.0,0.013477742671966553,0.0740179717540741,0.02835736609995365,0.008656895719468594,0.0023505680728703737,0.09999405592679977,0.09474547207355499,0.08791105449199677,0.08121712505817413,0.0018225058447569609,0.0,0.11646737903356552,0.32848623394966125,0.3346943259239197,0.023915408179163933,5.576405965257436e-05,0.0,0.00018650696438271552,0.0,0.0,0.0,0.0,0.0
164,5.466666666666667,0.0,0.0,0.0,0.0,0.0,0.0,0.042682286351919174,0.0,0.0,0.0,0.0,0.0,0.0,0.04393337666988373,0.0,0.044688284397125244,0.016718421131372452,0.11899963766336441,0.21564289927482605,0.671894371509552,0.19730277359485626,0.0,0.0,0.04586523398756981,0.04684652015566826,0.06707447022199631,0.07785340398550034,0.010205255821347237,0.0015750185120850801,0.006233380176126957,0.0057996422983706,0.0,0.004223271738737822,0.0625002533197403,0.035126376897096634,0.005722160916775465,0.0,0.08266996592283249,0.076351098716259,0.06981370598077774,0.06415852904319763,0.0018284672405570745,0.0,0.12026714533567429,0.32574424147605896,0.33157026767730713,0.016943378373980522,0.0,0.0,0.000284075562376529,0.0,0.0,0.0,0.0,0.0
165,5.5,0.0,0.0,0.0,0.0,0.0,0.0,0.044354960322380066,0.0,0.0,0.0,0.0,0.0,0.0,0.04558529704809189,0.0008643161272630095,0.045698728412389755,0.02082757093012333,0.10865502804517746,0.2353755235671997,0.7071747779846191,0.1666145771741867,0.0,0.0,0.04554266482591629,0.052130647003650665,0.07227195799350739,0.07971034944057465,0.001964968629181385,0.0,0.002061571693047881,0.0026242907624691725,0.0,0.005414600949734449,0.04430773854255676,0.04852883890271187,0.009457618929445744,0.003988912794739008,0.05308513715863228,0.04775248095393181,0.04638106748461723,0.047853779047727585,0.0018003532895818353,0.0,0.12150784581899643,0.3225329518318176,0.3281855583190918,0.01464446634054184,0.0,0.0,0.0,0.0,0.0,0.0,0.0,0.0
166,5.533333333333333,0.0005303550278767943,0.0,0.0,0.0,0.0,0.0,0.04288875684142113,0.0,0.0,0.0,0.0,0.0,0.0,0.04364120587706566,0.0,0.044297393411397934,0.023337475955486298,0.07679874449968338,0.22642047703266144,0.7142181992530823,0.1160837858915329,0.0,0.0,0.05490308627486229,0.060330916196107864,0.06353577971458435,0.06944127380847931,0.006643387023359537,0.00573701411485672,0.0010999187361449003,0.0014614913379773498,0.0,0.0009797943057492375,0.04966383054852486,0.060710884630680084,0.011327351443469524,0.009599183686077595,0.042151059955358505,0.03626072406768799,0.04519081860780716,0.04593168571591377,0.025311820209026337,0.02361510694026947,0.09950091689825058,0.26087337732315063,0.264261931180954,0.007834814488887787,0.0037196967750787735,0.0,0.0023734227288514376,0.0,0.0,0.0,0.0,0.0
167,5.566666666666666,0.0011164480820298195,0.0,0.0,0.0,0.0,0.003965283744037151,0.04085328057408333,0.0,0.0,0.0,0.0,0.0,0.0,0.04122019559144974,0.0,0.0454389713704586,0.024557359516620636,0.012887269258499146,0.18460792303085327,0.7299030423164368,0.11081985384225845,0.0002892413758672774,0.0,0.06561892479658127,0.06714638322591782,0.056305814534425735,0.06194508075714111,0.010224461555480957,0.007167587522417307,0.0012364675058051944,0.0009552295668981969,0.0,0.0,0.05541551113128662,0.06581839174032211,0.0066030509769916534,0.008111919276416302,0.03340074419975281,0.028813431039452553,0.056000012904405594,0.05171969160437584,0.052330225706100464,0.051587268710136414,0.07223629206418991,0.19509081542491913,0.19654804468154907,0.0047758473083376884,0.006601282861083746,0.0,0.005615606438368559,0.0,0.0,0.0,0.0,0.0
168,5.6,0.0013925370294600725,0.0,0.0,0.0,0.0,0.013150234706699848,0.03881487995386124,0.0,0.0,0.0,0.0,0.0,0.0024004336446523666,0.03888009488582611,0.01867685653269291,0.04668901115655899,0.028133857995271683,0.0,0.11836856603622437,0.7730655074119568,0.11271479725837708,0.0011283563217148185,0.0,0.06281792372465134,0.06389705091714859,0.048049792647361755,0.05330771207809448,0.009953757748007774,0.006963218096643686,0.0002738302282523364,0.0,0.0,0.0033905021846294403,0.07222997397184372,0.05927128717303276,0.010288028977811337,0.013492390513420105,0.02223152481019497,0.018524644896388054,0.04789099097251892,0.042111169546842575,0.07532765716314316,0.07533968240022659,0.04455591365695,0.137832373380661,0.13799819350242615,0.008547487668693066,0.012276827357709408,0.004137002397328615,0.0062434058636426926,0.0,0.0,0.0,0.0,0.0
169,5.633333333333334,0.0012695713667199016,0.0,0.0,0.0,0.0,0.02492116391658783,0.03808867931365967,0.0,0.0,0.0,0.0,0.0,0.0072652604430913925,0.037963345646858215,0.028613043949007988,0.0484771691262722,0.0321287102997303,0.0,0.03364556282758713,0.7862722277641296,0.14758285880088806,0.003888223320245743,0.0,0.05237238481640816,0.051983654499053955,0.04344530031085014,0.04984657093882561,0.007108015473932028,0.002724707592278719,0.00029247274505905807,0.0,0.0,0.011095821857452393,0.11455164849758148,0.04419281706213951,0.022256260737776756,0.02810305915772915,0.0031901889014989138,0.0,0.023284418508410454,0.01549704372882843,0.08876217156648636,0.08926288783550262,0.02262694761157036,0.09688019752502441,0.09611779451370239,0.01385670155286789,0.016122503206133842,0.007203530054539442,0.006496898829936981,0.0,0.0,0.0,0.0,0.0
170,5.666666666666667,0.0008536228560842574,0.0,0.0,0.0,0.0,0.03481337055563927,0.03796975687146187,0.0,0.0,0.0,0.0,0.0,0.011287244036793709,0.03768235072493553,0.04774300381541252,0.04864487051963806,0.034658074378967285,0.0,0.0,0.7319568395614624,0.27738097310066223,0.006322105880826712,0.0,0.02862832508981228,0.027035433799028397,0.031324129551649094,0.040638044476509094,0.006883892230689526,0.0,0.000230151999858208,0.0,0.0,0.0015782915288582444,0.13750740885734558,0.03161922097206116,0.02289036475121975,0.027655160054564476,0.0,0.0,0.02096560411155224,0.01425494160503149,0.09567263722419739,0.09650132060050964,0.003233443945646286,0.06812488287687302,0.06663331389427185,0.019834641367197037,0.019935620948672295,0.01159089058637619,0.007464360445737839,0.0,0.0,0.0,0.0,0.0
171,5.7,0.00013439029862638563,0.0,0.0,0.0,0.0,0.04429531842470169,0.039018578827381134,0.0,0.0,0.0,0.0,0.0,0.016773933544754982,0.038491811603307724,0.03514040261507034,0.04206615686416626,0.03457987681031227,0.0,0.0,0.5154573321342468,0.503811240196228,0.01039931084960699,0.0030800052918493748,0.005647297948598862,0.00811031460762024,0.02774597518146038,0.03683694824576378,0.0008239251910708845,0.0,0.0,0.0,0.0,0.009704457595944405,0.10447048395872116,0.0076471613720059395,0.02303185872733593,0.02243388630449772,0.0,0.0,0.015237459912896156,0.010063831694424152,0.09991590678691864,0.10066725313663483,0.0,0.046945229172706604,0.04556436836719513,0.02226429246366024,0.01679527387022972,0.009711257182061672,0.012406944297254086,0.0041390336118638515,0.0,0.0,0.0,0.0
172,5.733333333333333,0.0,0.0,0.0,0.0,0.0,0.051892124116420746,0.03993462398648262,0.0,0.0,0.0,0.0,0.0,0.02231433242559433,0.03922148048877716,0.023500720039010048,0.03635884076356888,0.033008426427841187,4.4160522520542145e-05,0.033606719225645065,0.25531089305877686,0.7371345162391663,0.015623061917722225,0.009547184221446514,0.0,0.003937654197216034,0.028074542060494423,0.03799298778176308,0.0,0.0,0.0,0.00025333979283459485,0.0,0.014223657548427582,0.06046459451317787,0.0,0.01634664461016655,0.009083791635930538,0.0,0.0,0.010618279688060284,0.0048284390941262245,0.10149961709976196,0.1020396500825882,0.0,0.033162083476781845,0.03220919519662857,0.02171527035534382,0.008931946009397507,0.001974022015929222,0.019456079229712486,0.011424193158745766,0.0,0.0,0.0,0.0
173,5.766666666666667,0.0,0.0,0.0,0.0,0.0,0.05938528850674629,0.04098006710410118,0.0,0.0,0.0,0.0,0.0,0.029905013740062714,0.040272876620292664,0.012705228291451931,0.03256092965602875,0.030544815585017204,0.01145547442138195,0.0698813647031784,0.05252235755324364,0.8651122450828552,0.014470720663666725,0.013183179311454296,0.0,0.004871176555752754,0.028439929708838463,0.03550008311867714,0.0,0.0,0.0,0.0005735953454859555,0.0,0.023647267371416092,0.0303064975887537,0.0,0.009591608308255672,0.0011157520348206162,0.0,0.0,0.009886492975056171,0.006524919997900724,0.10273624956607819,0.103167325258255,0.0,0.0196404829621315,0.01891750656068325,0.015499718487262726,0.012788735330104828,0.00822717696428299,0.027140861377120018,0.022365238517522812,0.0,0.0,0.0,0.0
174,5.8,9.751397010404617e-05,0.0,0.0,0.0,0.0,0.06405998766422272,0.04084976017475128,0.0,0.0,0.0,0.0,0.0,0.0353311225771904,0.04025924950838089,0.02414250746369362,0.030099892988801003,0.021926386281847954,0.1156969666481018,0.15176448225975037,0.0,0.9201427102088928,0.01263798214495182,0.0167970210313797,0.0,0.0026514341589063406,0.03362886607646942,0.043714456260204315,0.0037705993745476007,0.0,0.0,2.0409993339853827e-06,0.0,0.04699070006608963,0.0,0.0,0.012380211614072323,0.0,0.0,0.0,0.006057776045054197,0.0074271345511078835,0.10221172869205475,0.10262900590896606,0.0,0.007815120741724968,0.007450800854712725,0.007826624438166618,0.016721975058317184,0.012739995494484901,0.04249259829521179,0.04218683019280434,0.0,0.0,0.0,0.0
175,5.833333333333333,0.0005911425687372684,0.0,0.0,0.0,0.0,0.06395713239908218,0.03914688527584076,0.0005116071552038193,0.0,0.0,0.0,0.0,0.03689918667078018,0.038613129407167435,0.06059838458895683,0.027417628094553947,0.011527183465659618,0.2759764790534973,0.20395556092262268,0.0,0.8332366347312927,0.0067203412763774395,0.015102969482541084,0.001190053066238761,0.0,0.029242191463708878,0.0368088074028492,0.005188789684325457,0.0,0.0003549659450072795,0.0,0.0,0.07502513378858566,0.0,0.0,0.0055417162366211414,0.0,0.002455224748700857,0.0,0.0,0.005345109384506941,0.09926064312458038,0.09960904717445374,0.0,0.0008755658054724336,0.0007434866856783628,0.004909052979201078,0.037806637585163116,0.03659567981958389,0.057232823222875595,0.06109864264726639,0.0,0.0,0.0,0.0
176,5.866666666666666,0.001340209972113371,0.0,0.0,0.0,0.0,0.06274086982011795,0.036855198442935944,0.0015250062569975853,0.0,0.0,0.0,0.0,0.03520579636096954,0.0362141877412796,0.0939943715929985,0.023869505152106285,0.010656545870006084,0.455959290266037,0.1449185311794281,0.054446976631879807,0.520502507686615,0.0,0.004791549872606993,0.0003525601059664041,0.0,0.02791147492825985,0.0274826493114233,0.0,0.0018675025785341859,0.0020950366742908955,0.0018887714250013232,0.0,0.08124390244483948,0.0,0.0,0.0,0.0,0.05435510352253914,0.04627053812146187,0.010325482115149498,0.01866217702627182,0.1054990217089653,0.10623390227556229,0.0,0.0,0.0,0.001234222436323762,0.07280949503183365,0.07506362348794937,0.05902920290827751,0.06226102635264397,0.0,0.0,0.0,0.0
177,5.9,0.0016102911904454231,0.0,0.0,0.0,0.0,0.0615617036819458,0.03461046516895294,0.0017431913875043392,0.0,0.0,0.0,0.0,0.032083965837955475,0.03391530364751816,0.09836576879024506,0.026170998811721802,0.011249560862779617,0.4558134078979492,0.03493456169962883,0.21009431779384613,0.2028772532939911,0.0,0.0,0.014314040541648865,0.009620001539587975,0.033348243683576584,0.029967108741402626,0.015502117574214935,0.019213059917092323,0.006160929333418608,0.005175681784749031,0.0,0.06537392735481262,0.0,0.010747125372290611,0.0,0.00803615152835846,0.11968835443258286,0.11162382364273071,0.054855573922395706,0.05640304833650589,0.10995355248451233,0.11121565103530884,0.0,0.0003351841005496681,0.0,0.0,0.09108187258243561,0.0904751718044281,0.05615616962313652,0.05518185719847679,0.0,0.0,0.0,0.0
178,5.933333333333334,0.002710149623453617,0.0,0.0,0.0,0.0,0.06059792637825012,0.03191303089261055,0.0027058555278927088,0.0,0.0,0.0,0.0,0.028336379677057266,0.031180163845419884,0.07807032018899918,0.024237317964434624,0.01224611233919859,0.30795902013778687,0.0,0.2860894203186035,0.008550279773771763,0.002153704408556223,0.0,0.03139057382941246,0.027585787698626518,0.025422772392630577,0.02313612587749958,0.030953126028180122,0.033758990466594696,0.01052951067686081,0.00974251702427864,0.015523111447691917,0.03327368199825287,0.0,0.024296261370182037,0.0,0.010462011210620403,0.1555066853761673,0.15099011361598969,0.12113863229751587,0.11949380487203598,0.111849345266819,0.11332402378320694,0.0,0.0011332746362313628,0.0,0.0,0.09139014780521393,0.0884060263633728,0.06275739520788193,0.059502072632312775,0.0,0.0,0.0,0.0
179,5.966666666666667,0.004677015356719494,0.0,0.0,0.0,0.0,0.05725821480154991,0.02785179391503334,0.004618154838681221,0.0,0.0,0.0,0.0,0.022697074338793755,0.02710665576159954,0.06696654111146927,0.017618359997868538,0.013011968694627285,0.1436426192522049,0.0,0.1949273645877838,0.0,0.002202957170084119,0.0,0.060715045779943466,0.05906422808766365,0.012217993848025799,0.012756711803376675,0.05622819438576698,0.05790222808718681,0.01974104717373848,0.019347570836544037,0.04953879490494728,0.0,0.0,0.03550620749592781,0.0,0.007175156380981207,0.2132023125886917,0.21184192597866058,0.20683477818965912,0.20413871109485626,0.10952440649271011,0.11106701195240021,0.0,0.002265160670503974,0.0,0.0,0.0832173302769661,0.07957128435373306,0.07785120606422424,0.07363118976354599,0.0,0.0,0.0,0.0
180,6.0,0.007497354876250029,0.0,0.0,0.0,0.0,0.057882826775312424,0.024263480678200722,0.0072112963534891605,0.0,0.0,0.0,0.0,0.021113289520144463,0.023604143410921097,0.05937608331441879,0.011133520863950253,0.015592604875564575,0.02427571825683117,0.0,0.29979458451271057,0.00911916233599186,0.00335683417506516,0.0020998113323003054,0.03220897912979126,0.03703078627586365,0.012130503542721272,0.014147455804049969,0.04068597033619881,0.0460633859038353,0.01594967022538185,0.016717489808797836,0.05617949366569519,0.0,0.0,0.03589077666401863,0.0,0.006282541900873184,0.22127771377563477,0.22500328719615936,0.20841367542743683,0.20299096405506134,0.11152073740959167,0.11311595886945724,0.0,0.0022788674104958773,0.0,0.0,0.06078150123357773,0.05471477657556534,0.0654681995511055,0.05950109288096428,0.0,0.0,0.0,0.0
181,6.033333333333333,0.010713042691349983,0.0,0.0,0.0,0.0,0.05961969122290611,0.020713375881314278,0.01069882046431303,0.0,0.0,0.0,0.0,0.022598164156079292,0.019974123686552048,0.04638080671429634,0.006283791270107031,0.013615496456623077,0.0016627623699605465,0.0,0.227889284491539,0.0,0.0030443973373621702,0.001277322880923748,0.03223723918199539,0.03573114424943924,0.009035005234181881,0.011262202635407448,0.038416698575019836,0.04225551337003708,0.01848672889173031,0.01909068413078785,0.046199992299079895,0.0,0.0,0.029654083773493767,0.0,0.004456216935068369,0.23794355988502502,0.2399173229932785,0.2318638414144516,0.2271377593278885,0.11231382936239243,0.1139335185289383,0.0,0.0026084661949425936,0.0,0.0,0.05347399413585663,0.049021556973457336,0.06613560765981674,0.062123339623212814,0.0,0.0,0.0,0.0
182,6.066666666666666,0.010938434861600399,0.0,0.0,0.0,0.0,0.06281963735818863,0.01887023076415062,0.010909609496593475,0.0,0.0,0.0,0.0,0.026158412918448448,0.01815761998295784,0.054288558661937714,0.0015471050282940269,0.010797163471579552,0.014026207849383354,0.0,0.10233898460865021,0.0,0.00219955132342875,0.0008078904938884079,0.03758179768919945,0.040397267788648605,0.007857794873416424,0.00857558287680149,0.0340319387614727,0.039620473980903625,0.022566864266991615,0.023180613294243813,0.04313768073916435,0.0,0.0,0.029961226508021355,0.0,0.005744983442127705,0.25587257742881775,0.2593594193458557,0.2658816874027252,0.2623402774333954,0.10858438909053802,0.10971597582101822,0.0,0.004861530847847462,0.0027417175006121397,0.0,0.04840816557407379,0.04599012807011604,0.07573830336332321,0.073238804936409,0.0,0.0,0.0,0.0
183,6.1,0.010313568636775017,0.0,0.0,0.0,0.0,0.06783787906169891,0.018235255032777786,0.01032622717320919,0.0,0.0,0.0,0.0,0.03139551356434822,0.017541944980621338,0.058992233127355576,0.0017085823928937316,0.005832673516124487,0.024436693638563156,0.010965447872877121,0.08552437275648117,0.0,0.0015904633328318596,0.002355105709284544,0.00775914778932929,0.015347063541412354,0.016993388533592224,0.016785448417067528,0.011911989189684391,0.020194528624415398,0.018168196082115173,0.019716691225767136,0.028836680576205254,0.0,0.0,0.019784389063715935,0.0,0.00434891926124692,0.2389260083436966,0.244810089468956,0.2327909767627716,0.2323620617389679,0.10682474076747894,0.1080426573753357,0.0,0.006445813458412886,0.003972845617681742,0.0,0.035998277366161346,0.033467039465904236,0.057459115982055664,0.05605025961995125,0.0,0.0,0.0,0.0
184,6.133333333333334,0.008348865434527397,0.0,0.0,0.0,0.0,0.07157634198665619,0.018098514527082443,0.008598465472459793,0.0,0.0,0.0,0.0,0.03478451445698738,0.01736745797097683,0.07437218725681305,0.0020870740991085768,0.003902787808328867,0.05324926972389221,0.06554742902517319,0.041146595031023026,0.0,0.0,0.0,0.0,0.009942175820469856,0.028190819546580315,0.027234552428126335,0.007625564932823181,0.018294351175427437,0.01577315665781498,0.017859801650047302,0.009426233358681202,0.004267443902790546,0.0,0.012611858546733856,0.0,0.0034838858991861343,0.2421731948852539,0.250257283449173,0.19805392622947693,0.19874052703380585,0.10511282831430435,0.10657382756471634,0.0,0.009008286520838737,0.0060422890819609165,0.0,0.029363609850406647,0.026671094819903374,0.04188109189271927,0.040319349616765976,0.0,0.0,0.0,0.0
185,6.166666666666667,0.004531842656433582,0.0,0.0,0.0,0.0,0.07384144514799118,0.018758509308099747,0.004943422041833401,0.0,0.0,0.0,0.0,0.03666005656123161,0.01802283711731434,0.08672071993350983,0.0025356875266879797,0.002298699924722314,0.07235532253980637,0.16028077900409698,0.024391980841755867,0.0,0.0,0.00020987019524909556,0.0,0.010905196890234947,0.03829517960548401,0.0372360460460186,0.0009839060949161649,0.0128460843116045,0.010714572854340076,0.013313143514096737,0.0,0.013750243000686169,0.0,0.001398300169967115,0.005167263559997082,0.005590507294982672,0.2268763780593872,0.2377544641494751,0.1460900455713272,0.1464448869228363,0.10227499157190323,0.10390910506248474,0.0,0.01358227338641882,0.010182863101363182,0.0032509982120245695,0.022785983979701996,0.01960078626871109,0.024798063561320305,0.022598134353756905,0.0,0.0,0.0,0.0
186,6.2,0.0,0.0,0.0,0.0,0.0,0.07544032484292984,0.02050541713833809,0.00023599658743478358,0.0,0.0,0.0,0.0,0.03906715288758278,0.019839229062199593,0.07340747863054276,0.0027291884180158377,0.0,0.0,0.28285565972328186,0.0,0.01501138973981142,0.0005362042575143278,0.0015567130176350474,0.0,0.010550089180469513,0.039017509669065475,0.03929547965526581,0.0,0.009852392598986626,0.005596084985882044,0.008153120055794716,0.026571692898869514,0.03832327574491501,0.003922527655959129,0.0,0.031017033383250237,0.0285359974950552,0.17164774239063263,0.18305061757564545,0.0929180383682251,0.091027170419693,0.09903035312891006,0.1006593406200409,0.0,0.018400991335511208,0.014987489208579063,0.004892186261713505,0.02013460174202919,0.016530480235815048,0.012798271141946316,0.009527069516479969,0.0,0.0,0.0,0.0
187,6.233333333333333,0.0,0.0,0.0,0.0,0.0,0.0771842673420906,0.022896504029631615,0.0,0.0,0.0,0.0,0.0,0.04279889911413193,0.022335782647132874,0.08623310923576355,0.0004586632421705872,0.000136635746457614,0.0,0.24128523468971252,0.0,0.0,0.0033129272051155567,0.0015803494025021791,0.0,0.008937562815845013,0.027820998802781105,0.030421867966651917,0.02726079523563385,0.03247664496302605,0.00592085113748908,0.00790918804705143,0.1122187003493309,0.11286704242229462,0.13339266180992126,0.0,0.07488714158535004,0.0742497593164444,0.09584725648164749,0.10126286745071411,0.038709606975317,0.03852677345275879,0.09656470268964767,0.09783578664064407,0.0,0.021044960245490074,0.017997169867157936,0.0,0.0346355065703392,0.032563984394073486,0.003561998251825571,0.0003189292910974473,0.0,0.0,0.0,0.0
188,6.266666666666667,0.0,0.0,0.0,0.0,0.0,0.07781722396612167,0.023681601509451866,0.0,0.0,0.0,0.0,0.0,0.04657185450196266,0.023215219378471375,0.08619890362024307,0.0,0.0006679831421934068,0.0,0.10831652581691742,0.0,0.0,0.004494234453886747,0.0,0.0043714046478271484,0.010873224586248398,0.012625952251255512,0.015411028638482094,0.0665239617228508,0.06744024902582169,0.01064247265458107,0.011901364661753178,0.22312813997268677,0.18649427592754364,0.25440075993537903,0.0,0.1072961613535881,0.1099533960223198,0.034651707857847214,0.033422667533159256,0.012408178299665451,0.01733861304819584,0.09665191918611526,0.09755862504243851,0.0,0.020141931250691414,0.01754625514149666,0.0,0.046558648347854614,0.04686455428600311,0.0011254645651206374,0.0,0.0,0.0,0.0,0.0
189,6.3,0.0,0.0,0.0,0.0,0.0,0.0779806524515152,0.024744030088186264,0.0,0.0,0.0,0.0,0.0,0.05010485649108887,0.024325747042894363,0.07683949917554855,0.0,0.00044728341163136065,0.0,0.0816812589764595,0.0,0.0,0.007383755873888731,0.002519770059734583,0.0,0.0033881606068462133,0.004503931850194931,0.010024665854871273,0.07544229924678802,0.07064414769411087,0.009554574266076088,0.01037097629159689,0.29348307847976685,0.23623859882354736,0.2766583561897278,0.0,0.13153503835201263,0.13057300448417664,0.0028874645940959454,0.0,0.0,0.0009978106245398521,0.09378207474946976,0.09441929310560226,0.0,0.02195635251700878,0.0195489339530468,0.0,0.04431099444627762,0.04425770789384842,0.0,0.0,0.0,0.0,0.0,0.0
190,6.333333333333333,0.0,0.0,0.0,0.0,0.0,0.07952696830034256,0.024865049868822098,0.0,0.0,0.0,0.0,0.0,0.05589568614959717,0.02437577396631241,0.03780628368258476,0.0,0.0021705194376409054,0.0,0.030735239386558533,0.0,0.0,0.007307285908609629,0.004029483534395695,0.008696342818439007,0.011691552586853504,0.0,0.0013064044760540128,0.06043614447116852,0.06032070145010948,0.012034504674375057,0.01268199272453785,0.309488981962204,0.2305479198694229,0.19611689448356628,0.0,0.09727831929922104,0.10284630209207535,0.0,0.0,0.020036745816469193,0.024008488282561302,0.09385234117507935,0.09464872628450394,0.0,0.020464526489377022,0.01816037856042385,0.0,0.04630862548947334,0.04906720668077469,0.012799808755517006,0.014141435734927654,0.0,0.0,0.0,0.0
191,6.366666666666666,0.0,0.0,0.0,0.0,0.0,0.08122735470533371,0.02600983902812004,0.0,0.0,0.0,0.0,0.0,0.06167517602443695,0.02542172186076641,0.012284060008823872,0.0,0.003963274881243706,0.0239669531583786,0.09054679423570633,0.0,0.0,0.007154292892664671,0.004885794594883919,0.037696678191423416,0.03938421234488487,0.00021127510990481824,0.0,0.05432970076799393,0.056471891701221466,0.018101057037711143,0.018508849665522575,0.3363765776157379,0.23456300795078278,0.09626941382884979,0.0,0.04783712327480316,0.05749700590968132,0.0,0.0,0.03825553506612778,0.04058428481221199,0.09219446778297424,0.09326537698507309,0.0,0.018850384280085564,0.01630490832030773,0.0,0.056981783360242844,0.06025497615337372,0.026004662737250328,0.028403623029589653,0.0,0.0,0.0,0.0
192,6.4,0.0,0.0,0.0,0.0,0.0,0.08329188078641891,0.027905702590942383,0.0,0.0,0.0,0.0,0.0,0.06580893695354462,0.02717747539281845,0.01443840004503727,0.0,0.006738092750310898,0.2305515855550766,0.1661999374628067,0.0,0.0,0.006640024483203888,0.007085863035172224,0.04135381802916527,0.038683440536260605,0.0019582819659262896,0.0,0.05133611708879471,0.054843008518218994,0.01998697780072689,0.019562451168894768,0.24894025921821594,0.2207702249288559,0.0,0.0,0.0,0.014293349348008633,0.009505889378488064,0.012177618220448494,0.022504258900880814,0.019699111580848694,0.0905907154083252,0.09215216338634491,0.0,0.016574140638113022,0.013398713432252407,0.0,0.07891334593296051,0.07931061834096909,0.03659376502037048,0.038966596126556396,0.0,0.0,0.0,0.0
193,6.433333333333334,0.0,0.0,0.0,0.0,0.0,0.08198600262403488,0.02890106290578842,0.0002610300143714994,0.0,0.0,0.0,0.0,0.06357953697443008,0.027922052890062332,0.05842181295156479,0.0,0.00724349869415164,0.6396322250366211,0.09361564368009567,0.016796723008155823,0.0,0.0026322398334741592,0.0,0.044288937002420425,0.03985463082790375,0.0012986976653337479,0.0023653432726860046,0.05142218619585037,0.05202207341790199,0.02332344464957714,0.022317860275506973,0.07925137877464294,0.14025090634822845,0.0,0.002919211983680725,0.0,0.005152305122464895,0.10732833296060562,0.10988616943359375,0.04623480513691902,0.02961142174899578,0.0934448391199112,0.09583617001771927,0.0,0.009904653765261173,0.0058717019855976105,0.0,0.0860811248421669,0.07764564454555511,0.0522603802382946,0.04698759317398071,0.0,0.0,0.0,0.0
194,6.466666666666667,0.0,0.0,0.0,0.0,0.0,0.07950364798307419,0.029562093317508698,0.00021820129768457264,0.0,0.0,0.0,0.0,0.06027479097247124,0.02855970337986946,0.0994572639465332,0.00579459872096777,0.010340715758502483,0.8157429099082947,0.07164986431598663,0.057196326553821564,0.0,0.002592885633930564,0.0,0.05995747074484825,0.056332629173994064,0.023364676162600517,0.02659057453274727,0.05246419832110405,0.05444300174713135,0.02711033821105957,0.02608906663954258,0.019972743466496468,0.07509473711252213,0.0,0.005672559607774019,0.0,0.008051322773098946,0.18659062683582306,0.19089029729366302,0.07032884657382965,0.045455873012542725,0.10001377016305923,0.10310129076242447,0.0,0.004562139045447111,0.0,0.0,0.07716689258813858,0.06411121040582657,0.046994127333164215,0.03639920428395271,0.0,0.0,0.0,0.0
195,6.5,0.0,0.0,0.0,0.0,0.0,0.07922293245792389,0.02855638973414898,0.00030926111503504217,0.0,0.0,0.0,0.0,0.05847199633717537,0.027579141780734062,0.12236316502094269,0.00846836157143116,0.012783832848072052,0.7429015636444092,0.0810578316450119,0.06299274414777756,0.0,0.0024390332400798798,0.0,0.06201557070016861,0.06346764415502548,0.03625164553523064,0.04000455513596535,0.05520616099238396,0.05833118036389351,0.02764924243092537,0.027454232797026634,0.051533401012420654,0.04637550935149193,0.0,0.008173227310180664,0.0,0.009291927330195904,0.2179693728685379,0.22320757806301117,0.08641963452100754,0.06425046175718307,0.11078154295682907,0.1143638864159584,0.0,0.004185909405350685,0.0,0.0,0.06627413630485535,0.05252819508314133,0.039112530648708344,0.027869179844856262,0.0,0.0,0.0,0.0
196,6.533333333333333,0.0009692581370472908,0.0,0.0,0.0,0.0,0.0820201188325882,0.02594965323805809,0.0014322306960821152,0.0,0.0,0.0,0.0,0.059675052762031555,0.024981478229165077,0.11187827587127686,0.008242027834057808,0.011247503571212292,0.48126059770584106,0.07303990423679352,0.0,0.0,0.00292648165486753,0.0,0.06490983814001083,0.0702228844165802,0.035854339599609375,0.040137093514204025,0.06993970274925232,0.07196306437253952,0.028800491243600845,0.02931675687432289,0.13259150087833405,0.047764651477336884,0.03360941633582115,0.004150417633354664,0.005829294212162495,0.01294831931591034,0.2123464196920395,0.21690280735492706,0.10652487725019455,0.09173860400915146,0.12312524765729904,0.12665922939777374,0.0,0.0034335232339799404,0.0,0.0,0.05901922658085823,0.04708833619952202,0.03908854350447655,0.029230210930109024,0.0,0.0,0.0,0.0
197,6.566666666666666,0.0048499945551157,0.0,0.0,0.0,0.0,0.08471956849098206,0.022397100925445557,0.005127754528075457,0.0,0.0,0.0,0.0,0.06142209470272064,0.021522236987948418,0.06936128437519073,0.0065094786696136,0.007278171833604574,0.21814213693141937,0.06019645184278488,0.0,0.0,0.0035622541327029467,0.0,0.06036907434463501,0.06869931519031525,0.029013875871896744,0.03222142532467842,0.08118141442537308,0.0836479440331459,0.028498036786913872,0.029603658244013786,0.19680938124656677,0.0600493848323822,0.04625284671783447,0.0,0.019125819206237793,0.022322168573737144,0.17957234382629395,0.1835356056690216,0.12033019214868546,0.11411334574222565,0.13005495071411133,0.13305097818374634,0.0,0.0032980889081954956,0.0,0.0,0.049137528985738754,0.04075571149587631,0.03659140691161156,0.02995024062693119,0.0,0.0,0.0,0.0
198,6.6,0.00709831528365612,0.0,0.0,0.0,0.0,0.08825742453336716,0.019825667142868042,0.006870482116937637,0.0,0.0,0.0,0.0,0.06571667641401291,0.019160859286785126,0.03787102550268173,0.004965508822351694,0.004413209389895201,0.0,0.0,0.0,0.0,0.004846471827477217,0.0022159020882099867,0.04954848065972328,0.05864698439836502,0.023857520893216133,0.023770928382873535,0.08414500951766968,0.09024426341056824,0.027000749483704567,0.028482500463724136,0.26548877358436584,0.07794324308633804,0.09668178111314774,0.0,0.045321714133024216,0.04884972795844078,0.12326966971158981,0.12762698531150818,0.12362327426671982,0.1264057159423828,0.1332777887582779,0.13554058969020844,0.0,0.002599129220470786,0.0,0.0,0.04089611396193504,0.037834543734788895,0.030820727348327637,0.029571427032351494,0.0,0.0,0.0,0.0
199,6.633333333333334,0.009091639891266823,0.0,0.0,0.0,0.0,0.08906981348991394,0.0170263834297657,0.008700878359377384,0.0,0.0,0.0,0.0,0.06466173380613327,0.0163993202149868,0.05112268030643463,0.0065576802007853985,0.004190343897789717,0.0,0.0,0.0807022750377655,0.0,0.004744207486510277,0.0022331844083964825,0.023264817893505096,0.028839433565735817,0.0,0.003091938327997923,0.09893114864826202,0.09896841645240784,0.02576146461069584,0.026558538898825645,0.2316904217004776,0.04718918353319168,0.13027429580688477,0.009944850578904152,0.03862706571817398,0.03989830240607262,0.11450228840112686,0.11251236498355865,0.15564170479774475,0.15755127370357513,0.13704931735992432,0.13894525170326233,0.0,0.0018861814169213176,0.0,0.0,0.04926994815468788,0.044763293117284775,0.040516745299100876,0.03972301632165909,0.0,0.0,0.0,0.0
200,6.666666666666667,0.010220343247056007,0.0,0.0,0.0,0.0,0.0919603705406189,0.015162830241024494,0.009771157056093216,0.0,0.0,0.0,0.0,0.06520899385213852,0.01455734483897686,0.046217262744903564,0.004667744971811771,0.0032414488960057497,0.016171950846910477,0.0,0.15671981871128082,0.0,0.003368713427335024,0.002216298831626773,0.0017959073884412646,0.006939417216926813,0.0,0.0017845869297161698,0.0778738409280777,0.07977069169282913,0.022418007254600525,0.02317110262811184,0.14894062280654907,0.05055512487888336,0.03260063752532005,0.003287430154159665,0.022409329190850258,0.0233756210654974,0.13869568705558777,0.13969342410564423,0.14918676018714905,0.14423243701457977,0.14230971038341522,0.14422255754470825,0.0,0.0019429913954809308,0.0,0.0022519552148878574,0.057698607444763184,0.05052948370575905,0.04235748574137688,0.039524469524621964,0.0,0.0,0.0,0.0
201,6.7,0.009616907685995102,0.0,0.0,0.0,0.0,0.09310402721166611,0.014097459614276886,0.00894835963845253,0.0,0.0,0.0,0.0,0.06339585781097412,0.013564448803663254,0.057759229093790054,0.0053514521569013596,0.0011428019497543573,0.010610569268465042,0.009970107115805149,0.26121005415916443,0.029806967824697495,0.0011884946143254638,0.0006704115658067167,0.0,0.004292655270546675,0.0014800196513533592,0.0028036560397595167,0.05224532261490822,0.05643170326948166,0.01828000508248806,0.019183414056897163,0.11114241182804108,0.046453576534986496,0.0,0.003571492852643132,0.0212270375341177,0.022326886653900146,0.15464551746845245,0.1576189249753952,0.14151601493358612,0.13551001250743866,0.1434514969587326,0.14534127712249756,0.0,0.0026821638457477093,0.0,0.006460081320255995,0.054202817380428314,0.04662476107478142,0.0416756272315979,0.03861377015709877,0.0,0.0,0.0,0.0
202,6.733333333333333,0.008976226672530174,0.0,0.0,0.0,0.0,0.0939987450838089,0.013166217133402824,0.008460648357868195,0.0,0.0,0.0,0.0,0.06192709133028984,0.012583741918206215,0.06787101179361343,0.006911719683557749,0.0,0.03362496569752693,0.017169807106256485,0.30510449409484863,0.0043868436478078365,0.0013899862533435225,0.0,0.0,0.004376508295536041,0.006704871542751789,0.008901604451239109,0.03380243852734566,0.03688722476363182,0.015889029949903488,0.016791893169283867,0.08108993619680405,0.04157169163227081,0.0,0.004047071095556021,0.01016389299184084,0.009889467619359493,0.16583292186260223,0.16798248887062073,0.14201049506664276,0.1375967413187027,0.1447722166776657,0.14652718603610992,0.0,0.0025142584927380085,0.0,0.004183036740869284,0.05045918747782707,0.04356266185641289,0.044452913105487823,0.04148293659090996,0.0,0.0,0.0,0.0
203,6.766666666666667,0.00869506411254406,0.0,0.0,0.0,0.0,0.09467097371816635,0.012198754586279392,0.008274052292108536,0.0,0.0,0.0,0.0,0.06041456013917923,0.011558888480067253,0.05699096620082855,0.009545518085360527,0.0,0.02441905438899994,0.01771172694861889,0.33977025747299194,0.0,0.001588023267686367,0.0,0.0,0.0035825276281684637,0.010810883715748787,0.014551972039043903,0.02762637846171856,0.027964573353528976,0.01559141930192709,0.016056707128882408,0.0722033903002739,0.0376092754304409,0.0,0.0078046307899057865,0.001135299215093255,0.0011881596874445677,0.18729782104492188,0.1871611773967743,0.15205848217010498,0.14642105996608734,0.14624404907226562,0.1481057107448578,0.0,0.0025607163552194834,0.0,0.0002580346481408924,0.049464669078588486,0.041178714483976364,0.04597346484661102,0.042056284844875336,0.0,0.0,0.0,0.0
204,6.8,0.008446674793958664,0.0,0.0,0.0,0.0,0.09621015191078186,0.011277041397988796,0.008072196505963802,0.0,0.0,0.0,0.0,0.05937129259109497,0.010601217858493328,0.04170076549053192,0.010518493130803108,0.0,0.010633203200995922,0.0027454127557575703,0.38324347138404846,0.0,0.002531511476263404,0.0,0.0045237415470182896,0.006833142135292292,0.013641326688230038,0.020852012559771538,0.026638315990567207,0.023014962673187256,0.016264550387859344,0.0162311140447855,0.06763061136007309,0.03422972187399864,0.0,0.011433079838752747,0.0003224852553103119,0.0,0.2104027271270752,0.20886944234371185,0.17271213233470917,0.16282540559768677,0.14626802504062653,0.14813172817230225,0.0,0.002418509917333722,0.0,0.0,0.048201341181993484,0.03703445568680763,0.04825958237051964,0.04139367863535881,0.0,0.0,0.0,0.0
205,6.833333333333333,0.00700336741283536,0.0,0.0,0.0,0.0,0.09671669453382492,0.010754352435469627,0.006550666410475969,0.0,0.0,0.0,0.0,0.05723441392183304,0.010125039145350456,0.04440878704190254,0.008747528307139874,0.0035303474869579077,0.0,0.0,0.5087501406669617,0.0030068408232182264,0.004390787798911333,0.0,0.0,0.0,0.0007620992255397141,0.01089487224817276,0.03140317276120186,0.022764403373003006,0.014362824149429798,0.013827470131218433,0.06052762642502785,0.025672759860754013,0.06099691987037659,0.015086809173226357,0.007055138703435659,0.005670260172337294,0.20876355469226837,0.20279096066951752,0.18343520164489746,0.1731526106595993,0.14227694272994995,0.14415256679058075,0.0,0.002814178355038166,0.0,0.0020875586196780205,0.051823049783706665,0.040686916559934616,0.048753634095191956,0.0415070578455925,0.0,0.0,0.0,0.0
206,6.866666666666666,0.004614753648638725,0.0,0.0,0.0,0.0,0.09487078338861465,0.010529988445341587,0.004021790809929371,0.0,0.0,0.0,0.0,0.05265088751912117,0.009996937587857246,0.04863114655017853,0.007356948684900999,0.008054511621594429,0.0,0.0,0.6184830069541931,0.0,0.006749847438186407,0.002144730184227228,0.0,0.0,0.0,0.009985373355448246,0.03874504566192627,0.025854861363768578,0.012644151225686073,0.01189683098345995,0.035504985600709915,0.012680050916969776,0.12077819555997849,0.01861640065908432,0.005853058770298958,0.0036987594794481993,0.19956029951572418,0.18960341811180115,0.19338838756084442,0.1846310794353485,0.1363130807876587,0.13794848322868347,0.0,0.00267232907935977,0.0,0.004085212014615536,0.056139905005693436,0.045543309301137924,0.04828527197241783,0.04103941470384598,0.0,0.0,0.0,0.0
207,6.9,0.0026557999663054943,0.0,0.0,0.0,0.0,0.09474124759435654,0.010703038424253464,0.002010374329984188,0.0,0.0,0.0,0.0,0.050448283553123474,0.010213035158813,0.03254875913262367,0.005179974716156721,0.009987578727304935,0.0,0.0,0.679578423500061,0.023684965446591377,0.006415565963834524,0.0002742947544902563,0.0,0.0,0.0,0.00898925494402647,0.02716648019850254,0.016213582828640938,0.010511592961847782,0.009749033488333225,0.013796390034258366,0.01326693780720234,0.11521610617637634,0.019695550203323364,0.0,0.0,0.19507326185703278,0.1861690729856491,0.18891136348247528,0.18167026340961456,0.13265390694141388,0.13404600322246552,0.0,0.0021200254559516907,0.0,0.005478694569319487,0.054489344358444214,0.045562565326690674,0.04092881828546524,0.034780681133270264,0.0,0.0,0.0,0.0
208,6.933333333333334,0.0005040980759076774,0.0,0.0,0.0,0.0,0.09584501385688782,0.011592595838010311,0.0,0.0,0.0,0.0,0.0,0.0498499721288681,0.011090551503002644,0.009995479136705399,0.005808239337056875,0.009670418687164783,0.000964584294706583,0.007450372911989689,0.7154704928398132,0.08772175014019012,0.00534749124199152,0.0,0.0,0.0,0.00900947954505682,0.01823534071445465,0.008318725973367691,0.0,0.007131676655262709,0.006414605770260096,0.0,0.017610030248761177,0.08371073007583618,0.015718331560492516,0.0,0.0007095136097632349,0.18087022006511688,0.17364412546157837,0.1674528568983078,0.1596653014421463,0.1314934343099594,0.13290533423423767,0.0,0.001911602565087378,0.0,0.008616261184215546,0.04426618292927742,0.03558727353811264,0.02617753855884075,0.01955442689359188,0.0,0.0,0.0,0.0
209,6.966666666666667,0.0,0.0,0.0,0.0,0.0,0.09746916592121124,0.01354159601032734,0.0,0.0,0.0,0.0,0.0,0.05013324320316315,0.013005808927118778,0.0,0.008990144357085228,0.0066617573611438274,0.05568494647741318,0.04619835317134857,0.7020120620727539,0.19260583817958832,0.00536106713116169,0.0,0.0,9.488186333328485e-05,0.027095017954707146,0.03919275850057602,0.007574527524411678,0.0,0.0036555894184857607,0.0031106173992156982,0.0,0.015397937968373299,0.0431303046643734,0.011094105429947376,0.0039041757117956877,0.0,0.14389920234680176,0.13724875450134277,0.15013645589351654,0.14251808822155,0.1336890012025833,0.1352805495262146,0.0,0.0014780133496969938,0.0,0.009586520493030548,0.027777640148997307,0.019382890313863754,0.01678578555583954,0.009395889937877655,0.0,0.0,0.0,0.0
210,7.0,0.0,0.0,0.0,0.0,0.0,0.09805399924516678,0.015532530844211578,0.0,0.0,0.0,0.0,0.0,0.049604106694459915,0.01495319977402687,0.0,0.013662810437381268,0.0028498319443315268,0.1838517040014267,0.12164275348186493,0.6811068058013916,0.28078693151474,0.004325406160205603,0.0,0.0,0.0016682794084772468,0.052534788846969604,0.06807603687047958,0.0094981100410223,0.0,0.0007217541569843888,0.00032522008405067027,0.0,0.012082824483513832,0.0,0.0045484150759875774,0.00962924212217331,0.0,0.11091234534978867,0.1046290323138237,0.13158361613750458,0.12368037551641464,0.13796356320381165,0.13964052498340607,0.0,0.0008229209925048053,0.0,0.009732523933053017,0.008456072770059109,0.0,0.0083774970844388,0.0,0.0,0.0,0.0,0.0
211,7.033333333333333,0.0,0.0,0.0,0.0,0.0,0.09353232383728027,0.01778310351073742,0.0,0.0,0.0,0.0,0.0,0.04177215322852135,0.01709773577749729,0.004783975426107645,0.0185850802809,0.002120730932801962,0.23317046463489532,0.18024536967277527,0.6255970001220703,0.3063355088233948,0.0022535340394824743,0.0,0.0,0.0006661899387836456,0.07839048653841019,0.09409775584936142,0.010513662360608578,0.0,0.00046817641123197973,0.0,0.0,0.003770775394514203,0.0,0.0,0.009546734392642975,0.0,0.07080916315317154,0.06315019726753235,0.10991696268320084,0.10187902301549911,0.14070148766040802,0.14263302087783813,0.0,0.0011741835623979568,0.0,0.006614192854613066,0.00529803242534399,0.0,0.0071347118355333805,0.0,0.0,0.0,0.0,0.0
212,7.066666666666666,0.0,0.0,0.0,0.0,0.0,0.08854413777589798,0.020041823387145996,0.0,0.0,0.0,0.0,0.0,0.03372785076498985,0.019285697489976883,0.0,0.02082006074488163,0.002035152865573764,0.22384311258792877,0.20955270528793335,0.5476185083389282,0.36043640971183777,0.0008930281037464738,0.0,0.005043588578701019,0.005869558546692133,0.0892706960439682,0.10421711206436157,0.011012516915798187,0.0,0.0004373764677438885,0.0,0.0015953686088323593,0.0,0.013250956311821938,0.0018842577701434493,0.009325646795332432,0.0,0.02739901654422283,0.018559737130999565,0.08608599752187729,0.08034630119800568,0.1426863819360733,0.14491239190101624,0.0,0.0017494137864559889,0.0,0.0005738115287385881,0.003147407667711377,0.0,0.006360975559800863,0.0,0.0,0.0,0.0,0.0
213,7.1,0.0,0.0,0.0,0.0,0.0,0.0848439410328865,0.021686909720301628,0.0,0.0,0.0,0.0,0.0,0.02768079750239849,0.020936958491802216,0.0,0.0217339675873518,0.0023751810658723116,0.20688772201538086,0.2221437394618988,0.45682817697525024,0.38680294156074524,0.0,0.0,0.01569664292037487,0.0177190899848938,0.08993830531835556,0.10375018417835236,0.011017040349543095,0.0,0.00033620206522755325,0.0,0.012942102737724781,0.0,0.04174934700131416,0.008219845592975616,0.008676975965499878,0.0,0.0081848269328475,0.0,0.06804773956537247,0.06535299122333527,0.14518968760967255,0.14756488800048828,0.0,0.001947771292179823,0.0,0.0,0.0021337359212338924,0.0,0.005303076468408108,0.0,0.0,0.0,0.0,0.0
214,7.133333333333334,0.0,0.0,0.0,0.0,0.0,0.08356302231550217,0.022425716742873192,0.00016561540542170405,0.0,0.0,0.0,0.0,0.025507351383566856,0.021638482809066772,0.0,0.02055267244577408,0.0034479727037250996,0.15651696920394897,0.2197948843240738,0.32902204990386963,0.43705207109451294,0.0,0.0,0.0200732983648777,0.02410014159977436,0.0833267867565155,0.09558489173650742,0.008464537560939789,0.0,0.0,0.0,0.018546028062701225,0.0,0.07122073322534561,0.013903804123401642,0.008060718886554241,0.0,0.0048387604765594006,0.0,0.0554366409778595,0.05636754631996155,0.15041030943393707,0.15296480059623718,0.0,0.0018480793805792928,0.0,0.0,0.0019500178750604391,0.0,0.004746460355818272,0.0,0.0,0.0,0.0,0.0
215,7.166666666666667,0.0010083008091896772,0.0,0.0,0.0,0.0,0.08620090037584305,0.022756438702344894,0.0012677095364779234,0.0,0.0,0.0,0.0,0.030221475288271904,0.021954886615276337,0.0,0.018370075151324272,0.00375189445912838,0.10255211591720581,0.2032628357410431,0.18350936472415924,0.46599793434143066,0.0,0.0,0.029923705384135246,0.03383499011397362,0.07084019482135773,0.08034340292215347,0.006323365494608879,0.0,9.436446816835087e-06,0.0002042925771092996,0.021751664578914642,0.0,0.08557172864675522,0.013559827581048012,0.0047310953959822655,0.0,0.003550415625795722,0.0,0.0551626943051815,0.05838446691632271,0.15957866609096527,0.16222499310970306,0.0,0.0012385796289891005,0.0,0.0,0.0018540485762059689,0.0,0.006039017345756292,0.0016519989585503936,0.0,0.0,0.0,0.0
216,7.2,0.002906491979956627,0.0,0.0,0.0,0.0,0.0890774205327034,0.022520072758197784,0.003140940796583891,0.0,0.0,0.0,0.0,0.035467829555273056,0.021734831854701042,0.0,0.015299501828849316,0.006101176142692566,0.04914272949099541,0.16728755831718445,0.10587414354085922,0.3525863587856293,0.0,0.0,0.04331456124782562,0.04694632813334465,0.05504988506436348,0.06078335642814636,0.010749094188213348,0.007110982201993465,0.0019839024171233177,0.002329775830730796,0.015309711918234825,0.0,0.08849270641803741,0.011660227552056313,0.00011145241296617314,0.0,0.0053616538643836975,0.0,0.05135158821940422,0.05445943400263786,0.1684921681880951,0.17103323340415955,0.0,0.0010609792079776525,0.0,0.0,0.008998572826385498,0.007134453859180212,0.007859926670789719,0.004667665343731642,0.0,0.0,0.0,0.0
217,7.233333333333333,0.005180404055863619,0.0,0.0,0.0,0.0,0.09009619057178497,0.021807827055454254,0.0053773922845721245,0.0,0.0,0.0,0.0,0.039527714252471924,0.021065842360258102,0.0,0.012890616431832314,0.008017266169190407,0.02110392227768898,0.13624702394008636,0.07368163019418716,0.2662632465362549,0.0,0.0,0.0487685352563858,0.05037273094058037,0.042120348662137985,0.04378598555922508,0.011190032586455345,0.009876161813735962,0.0031509611289948225,0.0033659988548606634,0.0,0.0009483732865191996,0.06654366105794907,0.006062986794859171,0.0,0.0019525496754795313,0.005009626038372517,0.0,0.04592621698975563,0.04874476417899132,0.17465715110301971,0.17690987884998322,0.0,0.0010114610195159912,0.0,0.0,0.019194306805729866,0.01868208311498165,0.009347896091639996,0.008078214712440968,0.0,0.0,0.0,0.0
218,7.266666666666667,0.006250464357435703,0.0,0.0,0.0,0.0,0.0894002914428711,0.02117696776986122,0.006542489863932133,0.0,0.0,0.0,0.0,0.040507808327674866,0.02043205313384533,0.0,0.011986427940428257,0.008286094292998314,0.028674393892288208,0.11096420884132385,0.05899278447031975,0.18211372196674347,0.0,0.0,0.04977792873978615,0.051366161555051804,0.03048212267458439,0.03275708481669426,0.008459420874714851,0.0057383147068321705,0.003654599655419588,0.0038442739751189947,0.0,0.0,0.03524143993854523,0.002425385871902108,0.0,0.0,0.009375487454235554,0.003166553797200322,0.03606179729104042,0.038481246680021286,0.17889036238193512,0.18101276457309723,0.0,0.0011792219011113048,0.0,0.0,0.02732374332845211,0.025235669687390327,0.0104986522346735,0.009507409296929836,0.0,0.0,0.0,0.0
219,7.3,0.006129285786300898,0.0,0.0,0.0,0.0,0.08800175786018372,0.020814958959817886,0.006464643869549036,0.0,0.0,0.0,0.0,0.04001542180776596,0.02007540687918663,0.0,0.011288748122751713,0.008833612315356731,0.016208309680223465,0.08680514246225357,0.05046838894486427,0.09071744978427887,0.0,0.0,0.046265389770269394,0.04749530926346779,0.023998526856303215,0.026120349764823914,0.0024467715993523598,0.0,0.0035732027608901262,0.0036873933859169483,0.0,0.0035025281831622124,0.003559170989319682,0.0,0.0,0.0,0.014709578827023506,0.008993900381028652,0.029688159003853798,0.030673200264573097,0.18020258843898773,0.18221966922283173,0.0,0.0016906771343201399,0.0,0.0,0.03416365757584572,0.030971691012382507,0.012633681297302246,0.011305265128612518,0.0,0.0,0.0,0.0
220,7.333333333333333,0.004861150868237019,0.0,0.0,0.0,0.0,0.08629564940929413,0.0208577923476696,0.005138059612363577,0.0,0.0,0.0,0.0,0.038699399679899216,0.02016053907573223,0.002698861062526703,0.011047196574509144,0.007820560596883297,0.013750351965427399,0.07108243554830551,0.033186089247465134,0.04810350760817528,0.0,0.0,0.04175648093223572,0.0420956090092659,0.019064078107476234,0.022470450028777122,0.0030728825367987156,0.0,0.0032073897309601307,0.0031372837256640196,0.0,0.00493165198713541,0.0,0.0,0.00020460528321564198,0.0,0.014177477918565273,0.008413627743721008,0.023266594856977463,0.021845990791916847,0.1783619076013565,0.18025869131088257,0.0,0.0020380322821438313,0.0,0.00014420895604416728,0.03595196455717087,0.03097711317241192,0.014087560586631298,0.011616948992013931,0.0,0.0,0.0,0.0
221,7.366666666666666,0.002865963149815798,0.0,0.0,0.0,0.0,0.08502727746963501,0.02132566273212433,0.0031522612553089857,0.0,0.0,0.0,0.0,0.0378502793610096,0.020639048889279366,0.005970856174826622,0.010004914365708828,0.007100341375917196,0.0011000186204910278,0.05848737061023712,0.009287921711802483,0.01859363541007042,0.0003424723690841347,0.0,0.03930327668786049,0.03933993726968765,0.015848428010940552,0.02028651349246502,0.003728752490133047,0.0,0.0031630254816263914,0.003043160308152437,0.0,0.005283340811729431,0.0,0.0,0.0005835216143168509,0.0,0.013445562683045864,0.00895077083259821,0.019005654379725456,0.015448211692273617,0.1731967180967331,0.17518462240695953,0.0,0.0028865523636341095,0.0,0.0,0.034128110855817795,0.02805992029607296,0.015223972499370575,0.011697920970618725,0.0,0.0,0.0,0.0
222,7.4,0.0007487768307328224,0.0,0.0,0.0,0.0,0.08479631692171097,0.022030051797628403,0.0010547307319939137,0.0,0.0,0.0,0.0,0.037735097110271454,0.021348578855395317,0.008483237586915493,0.008216025307774544,0.006528912577778101,0.0,0.038966137915849686,0.0,0.0,0.0011289895046502352,0.000636083132121712,0.04030580073595047,0.040799468755722046,0.012772336602210999,0.018622269853949547,0.004799955058842897,0.0,0.0037663683760911226,0.0036908413749188185,0.0,0.007145373150706291,0.00587533600628376,0.0,0.0015957847936078906,0.0,0.011088619939982891,0.007372565567493439,0.015142800286412239,0.010231695137917995,0.16679731011390686,0.16888171434402466,0.0,0.003325354540720582,0.0,0.0,0.031416501849889755,0.024265090003609657,0.018255475908517838,0.013835429213941097,0.0,0.0,0.0,0.0
223,7.433333333333334,0.0,0.0,0.0,0.0,0.0,0.08493494987487793,0.023133287206292152,0.0001885084348032251,0.0,0.0,0.0,0.0,0.03824438154697418,0.0224441010504961,0.009351723827421665,0.0062073166482150555,0.005583712365478277,0.0,0.02897922694683075,0.0,0.0,0.001427294802851975,0.001178781851194799,0.04711194708943367,0.04742075875401497,0.01194197777658701,0.018639037385582924,0.005347545724362135,0.0,0.00536960456520319,0.005243541207164526,0.0035940303932875395,0.00911685824394226,0.008252305909991264,0.0,0.001425900380127132,0.0,0.00573306530714035,0.002284667221829295,0.013582251965999603,0.008061159402132034,0.16007712483406067,0.16223415732383728,0.0,0.0035379144828766584,0.0,0.0,0.027314461767673492,0.019856857135891914,0.022759955376386642,0.017941992729902267,0.0,0.0,0.0,0.0
224,7.466666666666667,0.0,0.0,0.0,0.0,0.0,0.08528817445039749,0.02461547777056694,0.0,0.0,0.0,0.0,0.0,0.0390494130551815,0.023959755897521973,0.008980353362858295,0.004602063912898302,0.004543371498584747,0.0,0.02550075203180313,0.0,0.0,0.001955527812242508,0.0017970415065065026,0.05235766991972923,0.05224195867776871,0.012562224641442299,0.019391873851418495,0.005175300408154726,0.0,0.0063786134123802185,0.00617485586553812,0.004212149418890476,0.010510265827178955,0.009278204292058945,0.0,0.0010571470484137535,0.0,0.0025374118704348803,0.0,0.009785356000065804,0.003990217577666044,0.15303480625152588,0.15507453680038452,0.0,0.00346212275326252,0.0,0.0,0.02287857048213482,0.015586976893246174,0.02610066346824169,0.02127625048160553,0.0,0.0,0.0,0.0
225,7.5,0.0,0.0,0.0,0.0,0.0,0.08604500442743301,0.026660364121198654,0.0,0.0,0.0,0.0,0.0,0.040060292929410934,0.026089733466506004,0.009121821261942387,0.0037229035515338182,0.003580099670216441,0.0,0.02414451166987419,0.0,0.0,0.0021440479904413223,0.0020177974365651608,0.053263016045093536,0.05272090062499046,0.013909394852817059,0.020763251930475235,0.0049551790580153465,0.0,0.006270064506679773,0.005984978750348091,0.006226164288818836,0.012437688186764717,0.018714983016252518,0.0,0.001246989006176591,0.0,0.0012209814740344882,0.0,0.0051546464674174786,0.0,0.14653240144252777,0.14834389090538025,0.0,0.0030264188535511494,0.0,0.0,0.01868111826479435,0.011669376865029335,0.027841469272971153,0.023136191070079803,0.0,0.0,0.0,0.0
226,7.533333333333333,0.0,0.0,0.0,0.0,0.0,0.08688411861658096,0.028335580602288246,0.0,0.0,0.0,0.0,0.0,0.041110213845968246,0.027787327766418457,0.007454874459654093,0.0028667179867625237,0.002624654909595847,0.0,0.024800995364785194,0.0,0.0,0.0019793317187577486,0.00177223130594939,0.054202862083911896,0.05344125255942345,0.014182006008923054,0.020970908924937248,0.005042064469307661,0.0,0.006291824858635664,0.005960093345493078,0.005492255091667175,0.012190676294267178,0.019895369186997414,0.0,0.0008990615024231374,0.0,0.0013907504035159945,0.0,0.004654675256460905,0.0,0.1421472281217575,0.14390623569488525,0.0,0.0026456178165972233,0.0,0.0,0.015518576838076115,0.008583229966461658,0.029699129983782768,0.02501014433801174,0.0,0.0,0.0,0.0
227,7.566666666666666,0.0,0.0,0.0,0.0,0.0,0.08760634064674377,0.02965744584798813,0.0,0.0,0.0,0.0,0.0,0.041985370218753815,0.02912476658821106,0.0055943746119737625,0.001955089857801795,0.001663641887716949,0.0,0.02712416648864746,0.0,0.0,0.0017518505919724703,0.0013946208637207747,0.05590635538101196,0.05485637113451958,0.014016948640346527,0.02079286426305771,0.005377247463911772,0.0,0.006550719030201435,0.006153516937047243,0.004308040719479322,0.010847681201994419,0.01566924713551998,0.0,0.0005065283039584756,0.0,0.001886277343146503,0.0,0.004784125369042158,0.0,0.1391402781009674,0.14085493981838226,0.0,0.0023031034506857395,0.0,0.0,0.012877853587269783,0.005924138240516186,0.03134039789438248,0.0266118086874485,0.0,0.0,0.0,0.0
228,7.6,0.0,0.0,0.0,0.0,0.0,0.08834180235862732,0.030468042939901352,0.0,0.0,0.0,0.0,0.0,0.042867038398981094,0.029925834387540817,0.0044860029593110085,0.0007810607785359025,0.0007405516807921231,0.001617716858163476,0.03356305509805679,0.0,0.0,0.0018073254032060504,0.0013936205068603158,0.05971932038664818,0.05816052481532097,0.013850944116711617,0.020428603515028954,0.005399357993155718,0.0,0.007218694780021906,0.006722392048686743,0.0016845352947711945,0.007814640179276466,0.002417468698695302,0.0,0.0,0.0,0.0024706816766411066,0.0,0.005396170541644096,0.0,0.137889102101326,0.13962307572364807,0.0,0.001974979415535927,0.0,0.0,0.011334574781358242,0.0044319420121610165,0.03385383263230324,0.029084939509630203,0.0,0.0,0.0,0.0
229,7.633333333333334,0.0,0.0,0.0,0.0,0.0,0.08946079015731812,0.03057098761200905,2.4557775759603828e-05,0.0,0.0,0.0,0.0,0.04452226310968399,0.02998560108244419,0.013190945610404015,0.0,0.0013694739900529385,0.028884096071124077,0.04090480878949165,0.0,0.0,0.0028090032283216715,0.0019669923931360245,0.0637078732252121,0.061348527669906616,0.01258831936866045,0.018647808581590652,0.005200176499783993,0.0,0.008346687071025372,0.007700619287788868,0.0,0.009178552776575089,0.0,0.0,0.0,0.0,0.006698620971292257,0.003296874463558197,0.00601305952295661,0.0,0.13679765164852142,0.13867883384227753,0.0,0.002072072122246027,0.0,0.0,0.015073751099407673,0.00864054262638092,0.03679942712187767,0.03203953430056572,0.0,0.0,0.0,0.0
230,7.666666666666667,0.0,0.0,0.0,0.0,0.0,0.09039963781833649,0.030439164489507675,0.00010658781684469432,0.0,0.0,0.0,0.0,0.04622410982847214,0.02984120137989521,0.02669345960021019,0.0,0.0029240702278912067,0.06599023938179016,0.04550181329250336,0.0,0.0,0.004091712646186352,0.002772137289866805,0.06568416208028793,0.06282829493284225,0.01196097768843174,0.01794930174946785,0.004816312342882156,0.0,0.009239103645086288,0.008489033207297325,0.0,0.012110995128750801,0.0,0.0,0.0,0.0,0.01436695922166109,0.010452354326844215,0.0064744227565824986,0.0,0.13510236144065857,0.13707707822322845,0.0,0.002400422701612115,0.0,0.0,0.020316533744335175,0.014217198826372623,0.039279498159885406,0.03435062617063522,0.0,0.0,0.0,0.0
231,7.7,0.0,0.0,0.0,0.0,0.0,0.09107767790555954,0.030062304809689522,0.00017322444182354957,0.0,0.0,0.0,0.0,0.047764237970113754,0.02946476824581623,0.044566430151462555,0.0,0.004800778813660145,0.12274481356143951,0.04458117112517357,0.0,0.0,0.005336926784366369,0.0036266681272536516,0.067534439265728,0.06407573074102402,0.012106833979487419,0.018190883100032806,0.004369273781776428,0.0,0.010314262472093105,0.009442949667572975,0.0,0.015743188560009003,0.0,0.0,0.0,0.0,0.026378540322184563,0.021818023175001144,0.007678251247853041,0.0,0.13448627293109894,0.13652323186397552,0.0,0.002522197784855962,0.0,0.0,0.027084775269031525,0.021091710776090622,0.0434042252600193,0.03792400285601616,0.0,0.0,0.0,0.0
232,7.733333333333333,0.00011058757081627846,0.0,0.0,0.0,0.0,0.09175315499305725,0.028912615031003952,0.0006667203269898891,0.0,0.0,0.0,0.0,0.04959728568792343,0.028225518763065338,0.0658169761300087,0.0,0.0064576007425785065,0.2021869271993637,0.03814709186553955,0.00033294176682829857,0.0,0.006311800330877304,0.0040092854760587215,0.0633208379149437,0.059298910200595856,0.013443566858768463,0.01930399052798748,0.0038621521089226007,0.0,0.010605602525174618,0.009613088332116604,0.0,0.016904262825846672,0.0,0.0,0.0,0.0015137384179979563,0.04832882806658745,0.04298079386353493,0.012114216573536396,0.0033241012133657932,0.137563094496727,0.13992491364479065,0.0,0.0027476667892187834,0.0,0.0,0.03307473659515381,0.026827804744243622,0.047048043459653854,0.04115986451506615,0.0,0.0,0.0,0.0
233,7.766666666666667,0.000622916966676712,0.0,0.0,0.0,0.0,0.09184367954730988,0.02771059423685074,0.0013679272960871458,0.0,0.0,0.0,0.0,0.050681810826063156,0.026938162744045258,0.08369406312704086,0.0,0.007271027658134699,0.24497418105602264,0.050320230424404144,0.012937347404658794,0.006972812581807375,0.006429228466004133,0.0035086169373244047,0.05453762039542198,0.05141302943229675,0.0163038931787014,0.021717576310038567,0.0028028616216033697,0.0,0.009961191564798355,0.009076699614524841,0.0,0.019105596467852592,0.0,0.0,0.0,0.0039742374792695045,0.06426653265953064,0.05899575352668762,0.013999094255268574,0.004668402019888163,0.14221228659152985,0.14490380883216858,0.0,0.003034544875845313,0.0,0.0,0.033844996243715286,0.02715846337378025,0.047579582780599594,0.041236281394958496,0.0,0.0,0.0,0.0
234,7.8,0.0005418132059276104,0.0,0.0,0.0,0.0,0.09217152744531631,0.026944123208522797,0.0013306005857884884,0.0,0.0,0.0,0.0,0.05187910050153732,0.026135576888918877,0.09872441738843918,0.0,0.006979542318731546,0.2768828570842743,0.07220431417226791,0.006828908808529377,0.008035573177039623,0.006488022860139608,0.0028329682536423206,0.046360649168491364,0.044819243252277374,0.01813466288149357,0.023102259263396263,0.006067063193768263,0.0041185361333191395,0.00935574620962143,0.008699232712388039,0.0,0.022379470989108086,0.0,0.0,0.0,0.0051476964727044106,0.07368872314691544,0.06865224242210388,0.018753116950392723,0.010236137546598911,0.14489459991455078,0.14768531918525696,0.0,0.003326443722471595,0.0,0.0,0.03246119245886803,0.025790521875023842,0.045661162585020065,0.039668645709753036,0.0,0.0,0.0,0.0
235,7.833333333333333,0.0,0.0,0.0,0.0,0.0,0.0910380557179451,0.027001164853572845,0.000718221883289516,0.0,0.0,0.0,0.0,0.051693521440029144,0.02617431804537773,0.11830991506576538,0.0,0.007902375422418118,0.2766716182231903,0.11816013604402542,0.011013404466211796,0.043793778866529465,0.00457087391987443,0.0007092969608493149,0.03349385783076286,0.033098477870225906,0.023290913552045822,0.028027324005961418,0.007610073313117027,0.006855484563857317,0.00727093918249011,0.006741696037352085,0.0,0.022715965285897255,0.0,0.0,0.0,0.006112396717071533,0.07314863801002502,0.06880589574575424,0.015058405697345734,0.006239121779799461,0.1421228051185608,0.14503037929534912,0.0,0.004431365057826042,0.0,0.0,0.024739766493439674,0.017688795924186707,0.03793882951140404,0.031544435769319534,0.0,0.0,0.0,0.0
236,7.866666666666666,0.0,0.0,0.0,0.0,0.0,0.09128552675247192,0.028764856979250908,0.00015141197945922613,0.0,0.0,0.0,0.0,0.05334562808275223,0.027992142364382744,0.1181851327419281,0.0,0.007695402950048447,0.20101827383041382,0.20145364105701447,0.0,0.14137151837348938,0.003023713594302535,0.0,0.024297762662172318,0.02559491991996765,0.02857176773250103,0.03217778354883194,0.001871792715974152,0.0034809112548828125,0.0037423409521579742,0.003515519667416811,0.0249581728130579,0.024734104052186012,0.013041566126048565,0.0,0.012371811084449291,0.018490059301257133,0.0422867089509964,0.03985188901424408,0.006498787086457014,0.0,0.1382652372121811,0.14109563827514648,0.0,0.004337589722126722,0.0,0.0,0.016450876370072365,0.010699672624468803,0.027509335428476334,0.021548429504036903,0.0,0.0,0.0,0.0
237,7.9,0.0,0.0,0.0,0.0,0.0,0.09262651950120926,0.03111857920885086,0.00011051636101910844,0.0,0.0,0.0,0.0,0.05628461390733719,0.030315697193145752,0.10607164353132248,0.0005786967813037336,0.005341480951756239,0.13382978737354279,0.23031342029571533,0.0,0.29006749391555786,0.003469576360657811,0.0007431166595779359,0.019020898267626762,0.01898295059800148,0.029406538233160973,0.03430680185556412,0.0,0.0,0.0004538064531516284,0.0,0.035100843757390976,0.01266157440841198,0.02336696721613407,0.0,0.014566796831786633,0.018405940383672714,0.0077211931347846985,0.003024868667125702,0.004291370511054993,0.0,0.1386614292860031,0.14151431620121002,0.0,0.003543645376339555,0.0,4.4581163820112124e-05,0.011474242433905602,0.006465153302997351,0.024516167119145393,0.01931936852633953,0.0,0.0,0.0,0.0
238,7.933333333333334,0.0,0.0,0.0,0.0,0.0,0.09226273000240326,0.03355150297284126,0.00034783704904839396,0.0,0.0,0.0,0.0,0.056967735290527344,0.032649070024490356,0.08515087515115738,0.0,0.0033202790655195713,0.0665174201130867,0.2222166359424591,0.0,0.4712086021900177,0.007371019572019577,0.005039581563323736,0.015447038225829601,0.0103987455368042,0.03397641330957413,0.04003677889704704,0.0015996842412278056,0.0,0.0008308838005177677,0.0,0.03937004134058952,0.0019388132495805621,0.025072751566767693,0.0,0.00845329649746418,0.011963295750319958,0.0,0.0,0.0033724599052220583,0.0,0.13515815138816833,0.13781575858592987,0.0,0.003704318543896079,0.0,0.0,0.0034260654356330633,0.0,0.025379670783877373,0.022059138864278793,0.0,0.0,0.0,0.0
239,7.966666666666667,0.0,0.0,0.0,0.0,0.0,0.09023305773735046,0.03541882336139679,0.0006806242745369673,0.0,0.0,0.0,0.0,0.05495553836226463,0.03440510854125023,0.04954053461551666,0.0,0.00312742218375206,0.02248215116560459,0.21329645812511444,0.0,0.6426175832748413,0.012564691714942455,0.010927616618573666,0.009559052996337414,0.00187082146294415,0.036003973335027695,0.04347788542509079,0.0038901662919670343,0.0,0.0011136187240481377,0.0,0.03892848640680313,0.0006178282201290131,0.01417357288300991,0.0,0.00031831712112762034,0.0022892162669450045,0.0,0.0,0.00369846704415977,0.0,0.12793360650539398,0.13035674393177032,0.0,0.004421127960085869,0.000387872860301286,0.0,0.002420065924525261,0.0,0.02293921262025833,0.020393287762999535,0.0,0.0,0.0,0.0
240,8.0,0.0,0.0,0.0,0.0,0.0,0.09036293625831604,0.03705093264579773,0.0007384663913398981,0.0,0.0,0.0,0.0,0.05646854266524315,0.03605319932103157,0.02897590585052967,0.0,0.002493665087968111,0.021161573007702827,0.20922553539276123,0.0,0.7588143348693848,0.015188437886536121,0.015111108310520649,0.009045015089213848,0.0,0.03753266856074333,0.04528104513883591,0.0051328339613974094,0.0,0.001423414214514196,0.0,0.022950472310185432,0.004080603364855051,0.0,0.0,0.0,0.0,0.0,0.0,0.0034157135523855686,0.0,0.11986908316612244,0.12200802564620972,0.0,0.004603659734129906,0.0010428465902805328,0.0,0.0029526695143431425,0.0,0.024176493287086487,0.02294900082051754,0.0,0.0,0.0,0.0
241,8.033333333333333,0.0,0.0,0.0,0.0,0.0,0.09230148792266846,0.03832874074578285,0.0001947561395354569,0.0,0.0,0.0,0.0,0.06123783439397812,0.037517257034778595,0.051930785179138184,0.0,0.0034508605021983385,0.07488714903593063,0.20356127619743347,0.0,0.6475395560264587,0.011254854500293732,0.012938576750457287,0.012796120718121529,0.004876886494457722,0.020274247974157333,0.02162504941225052,0.0024068374186754227,0.0,0.00243591470643878,0.0010288121411576867,0.0,0.029967669397592545,0.0,0.0,0.0,0.004016697872430086,0.012248200364410877,0.004621099215000868,0.0013335997937247157,0.0,0.11160940676927567,0.11360222101211548,0.0,0.007123342249542475,0.0037709197495132685,0.0,0.04463546350598335,0.043922826647758484,0.030129531398415565,0.03159121423959732,0.0,0.0,0.0,0.0
242,8.066666666666666,0.0,0.0,0.0,0.0,0.0,0.09198668599128723,0.03750469908118248,9.20594175113365e-05,0.0,0.0,0.0,0.0,0.06146570295095444,0.036724332720041275,0.10814262181520462,0.0,0.0019367622444406152,0.187614306807518,0.16465520858764648,0.06308484077453613,0.4688512980937958,0.0029034651815891266,0.0027789417654275894,0.008460059762001038,0.0038032622542232275,0.002375550800934434,0.0,0.003684856928884983,0.006874358747154474,0.004176888149231672,0.003394321771338582,0.0,0.060334667563438416,0.0,0.0,0.0,0.0036215991713106632,0.07142318785190582,0.06596561521291733,0.0037929918617010117,0.0,0.10873551666736603,0.11063037067651749,0.0,0.005300966557115316,0.002393974456936121,0.004912104923278093,0.10006312280893326,0.09909965097904205,0.049262020736932755,0.04977009445428848,0.0,0.0,0.0,0.0
243,8.1,0.0,0.0,0.0,0.0,0.0,0.08234287053346634,0.037461720407009125,0.0,0.0,0.0,0.0,0.0,0.051130808889865875,0.03697048872709274,0.13739898800849915,0.008228751830756664,0.0036007966846227646,0.25826653838157654,0.0993746817111969,0.28037989139556885,0.22381919622421265,0.0006937473081052303,0.0,0.01265648752450943,0.0067528593353927135,0.014746635220944881,0.009154635481536388,0.009311667643487453,0.01612328179180622,0.005775908473879099,0.004782325122505426,0.0,0.054378215223550797,0.0,0.0,0.0,0.008054028265178204,0.1283593624830246,0.1282571405172348,0.016965031623840332,0.007090456318110228,0.08893783390522003,0.09025777876377106,0.0,0.029773030430078506,0.027930164709687233,0.0129087558016181,0.11585281789302826,0.1133873388171196,0.03333346173167229,0.030369563028216362,0.0,0.0,0.0,0.0
244,8.133333333333333,0.0,0.0,0.0,0.0,0.0,0.07070669531822205,0.03829719498753548,0.0,0.0,0.0,0.0,0.0,0.0376569963991642,0.03819318860769272,0.10525570064783096,0.01922133006155491,0.0066690766252577305,0.18796271085739136,0.05628864839673042,0.49573686718940735,0.12989109754562378,0.0034935311414301395,0.0,0.017110954970121384,0.012947025708854198,0.037105586379766464,0.03376873955130577,0.008326978422701359,0.013133182190358639,0.0047553060576319695,0.0039529139176011086,0.0,0.03284616395831108,0.0009364833822473884,0.0032183534931391478,0.0,0.009066421538591385,0.13182713091373444,0.1345549076795578,0.03411966189742088,0.022542458027601242,0.06620819866657257,0.06684822589159012,0.0,0.05508151650428772,0.05438009649515152,0.016491709277033806,0.09548531472682953,0.09120029956102371,0.00568087724968791,0.0,0.0,0.0,0.0,0.0
245,8.166666666666666,0.0,0.0,0.0,0.0,0.0,0.05874333530664444,0.03863340616226196,0.0,0.0,0.0,0.0,0.0,0.02346063405275345,0.038801319897174835,0.04891360551118851,0.0254895631223917,0.008477923460304737,0.05964459851384163,0.020837508141994476,0.5715940594673157,0.15021756291389465,0.003560981247574091,0.0,0.016757195815443993,0.018564272671937943,0.045171670615673065,0.046126388013362885,0.002448037965223193,0.00676824850961566,0.00244021974503994,0.002634315751492977,0.0156741663813591,0.01590855047106743,0.057954393327236176,0.01254049688577652,0.019052907824516296,0.027057958766818047,0.08914516866207123,0.09305167943239212,0.04905324429273605,0.042487308382987976,0.04203110188245773,0.0417184978723526,0.01045599952340126,0.07868801057338715,0.07949165254831314,0.01087159477174282,0.05458233132958412,0.05076708272099495,0.004155952017754316,0.0,0.0,0.0,0.0,0.0
246,8.2,0.0,0.0,0.0,0.0,0.0,0.045492615550756454,0.037415362894535065,0.0,0.0,0.0,0.0,0.0,0.009779976680874825,0.03781023621559143,0.03560350462794304,0.03076261654496193,0.009933511726558208,0.0,0.0,0.5727006196975708,0.1785447746515274,0.003502432955428958,0.0,0.0018163853092119098,0.007775211241096258,0.021068403497338295,0.028038782998919487,0.0190053079277277,0.017343319952487946,0.001004294492304325,0.0018080046866089106,0.06566521525382996,0.0,0.22806404531002045,0.0356089323759079,0.04132356494665146,0.04643126204609871,0.003371971193701029,0.0,0.08897420763969421,0.09467693418264389,0.0209675170481205,0.01987168751657009,0.020909689366817474,0.09748367965221405,0.0995287224650383,0.0,0.013482959009706974,0.013125363737344742,0.002994312671944499,0.0,0.0,0.0,0.0,0.0
247,8.233333333333333,0.0002859493833966553,0.0,0.0,0.0,0.0,0.024827538058161736,0.035081565380096436,0.0,0.0,0.0,0.0,0.0,0.0,0.0357053168118,0.05657399073243141,0.03608207404613495,0.012280222028493881,0.0,0.0,0.49359026551246643,0.24331547319889069,0.004399919416755438,0.002070923335850239,0.0,0.0,0.0,0.010281821712851524,0.036003850400447845,0.02129151113331318,0.00026792046264745295,0.0,0.10787593573331833,0.0,0.4565844237804413,0.07651682943105698,0.0368439219892025,0.04401116073131561,0.004900880623608828,0.0,0.16319233179092407,0.1798352301120758,0.001859181560575962,0.0,0.033386681228876114,0.11003780364990234,0.11332258582115173,0.0,0.0,0.0,0.010726052336394787,0.010779189877212048,0.0,0.0,0.0,0.0
248,8.266666666666667,0.0005108847981318831,0.0,0.0,0.0,0.0,0.0064198924228549,0.03302494063973427,0.0,0.0,0.0,0.0,0.0,0.0,0.033730436116456985,0.0463077649474144,0.0385405458509922,0.01271866261959076,0.0,0.0,0.3619765043258667,0.2872631549835205,0.0026914954651147127,0.004104243591427803,0.0,0.0,0.0,0.009233902208507061,0.0383148156106472,0.02114028111100197,0.00019667779270093888,0.0,0.08454699069261551,0.0,0.525112509727478,0.10173054039478302,0.01688241958618164,0.021447673439979553,0.008774643763899803,0.0,0.197954460978508,0.21752417087554932,0.0008115540258586407,0.0,0.0424182303249836,0.12048222124576569,0.1244189441204071,0.0,0.0,0.0,0.005113143473863602,0.005862587131559849,0.0,0.0,0.0,0.0
249,8.3,0.00045969182974658906,0.0,0.0,0.0,0.0,0.0,0.03205106779932976,0.0,0.0,0.0,0.0,0.0,0.0,0.0327177532017231,0.023805266246199608,0.03405071049928665,0.014923512935638428,0.028896145522594452,0.042210765182971954,0.21792127192020416,0.24434295296669006,0.0,0.004852441139519215,0.0,0.0030182634945958853,0.005501715000718832,0.00975822564214468,0.00979585200548172,0.0060341572389006615,0.0,0.0002471716143190861,0.009816437028348446,0.006290563382208347,0.3955233097076416,0.09653010219335556,0.009970420971512794,0.012551401741802692,0.0046402341686189175,0.0,0.1504509001970291,0.1683790683746338,0.0007041846984066069,0.0,0.04838535189628601,0.12779000401496887,0.13161666691303253,0.0,0.0,7.662664575036615e-05,0.0,0.0,0.0,0.0,0.0,0.0
250,8.333333333333334,0.00013243121793493629,0.0,0.0,0.0,0.0,0.0,0.03146657720208168,0.0,0.0,0.0,0.0,0.0,0.0,0.03204580768942833,0.03816704824566841,0.03301672264933586,0.015914276242256165,0.1711340844631195,0.12681837379932404,0.21177208423614502,0.1653900146484375,0.0,0.005838085897266865,0.0,0.004133530892431736,0.010511252097785473,0.01131681352853775,0.0,0.0017477826913818717,0.0,0.0004692881484515965,0.0,0.02228504791855812,0.20847614109516144,0.08500536531209946,0.0013268444454297423,0.0,0.006729067303240299,0.0014349207049235702,0.0961676612496376,0.10927621275186539,0.0005256569129414856,0.0,0.05173816531896591,0.13426581025123596,0.13772939145565033,0.004720243159681559,0.0,0.0017519686371088028,0.0,0.0,0.0,0.0,0.0,0.0
251,8.366666666666667,0.0,0.0,0.0,0.0,0.0,0.0,0.030706098303198814,0.0,0.0,0.0,0.0,0.0,0.0,0.031146777793765068,0.05586773902177811,0.032710473984479904,0.016078483313322067,0.2888759970664978,0.16031840443611145,0.28249961137771606,0.0752844586968422,0.0,0.004178719129413366,0.0,0.005643538199365139,0.01671563647687435,0.016211245208978653,0.0,0.005322063807398081,0.0,0.0007689199410378933,0.0,0.02508414536714554,0.06549768149852753,0.0785297080874443,0.001234589610248804,0.0,0.03520653769373894,0.03265503793954849,0.0748509094119072,0.08169209957122803,0.0008142533479258418,0.0,0.04897502437233925,0.13444827497005463,0.13751569390296936,0.0064655812457203865,0.007450468838214874,0.007847866974771023,0.0,0.0,0.0,0.0,0.0,0.0
252,8.4,0.0,0.0,0.0,0.0,0.0,0.0,0.029448093846440315,0.0,0.0,0.0,0.0,0.0,0.0,0.02989918366074562,0.05809488520026207,0.030895961448550224,0.01497111190110445,0.2890132963657379,0.16048741340637207,0.34978577494621277,0.0074233696796,0.0,0.0019670689944177866,0.0028277661185711622,0.008626744151115417,0.01801583357155323,0.018927505239844322,0.00928755197674036,0.014506503939628601,0.00045670437975786626,0.0012443693121895194,0.0,0.0245305597782135,0.012288757599890232,0.07487180829048157,0.0018375469371676445,0.0,0.06773672252893448,0.06593296676874161,0.08248910307884216,0.08332385867834091,0.0009035621187649667,0.0,0.04816272482275963,0.13376782834529877,0.13650085031986237,0.0020939966198056936,0.013083085417747498,0.010945147834718227,0.001450212555937469,0.0,0.0,0.0,0.0,0.0
253,8.433333333333334,0.0002804266114253551,0.0,0.0,0.0,0.0,0.0,0.027147892862558365,0.0,0.0,0.0,0.0,0.0,0.0,0.027627533301711082,0.05391920357942581,0.03009832836687565,0.016153831034898758,0.1913772076368332,0.15569232404232025,0.3709030747413635,0.0,0.0,0.0,0.01494933944195509,0.023888273164629936,0.02396930567920208,0.02692495845258236,0.03103206492960453,0.036898355931043625,0.002848982810974121,0.003947247751057148,0.004820304457098246,0.026671001687645912,0.022136865183711052,0.07850571721792221,0.0032671026419848204,0.0007134713232517242,0.11194907873868942,0.10993454605340958,0.09383250772953033,0.09232231974601746,0.0006237857742235065,0.0,0.04933127388358116,0.13526785373687744,0.13759367167949677,0.0,0.00955914705991745,0.0038182479329407215,0.002847377210855484,0.0,0.0,0.0,0.0,0.0
254,8.466666666666667,0.0005287012900225818,0.0,0.0,0.0,0.0,0.0,0.02608678676187992,0.0,0.0,0.0,0.0,0.0,0.0,0.026862449944019318,0.028109386563301086,0.028569398447871208,0.01550239510834217,0.03729908913373947,0.1313105970621109,0.41265735030174255,0.0,0.0009812518255785108,0.0,0.017634181305766106,0.026095310226082802,0.025973258540034294,0.027715584263205528,0.03674539923667908,0.043740734457969666,0.002624154556542635,0.003909569699317217,0.031191522255539894,0.02403772808611393,0.04409206658601761,0.07302261888980865,0.01396440900862217,0.014638200402259827,0.11392929404973984,0.116179920732975,0.09539218991994858,0.09280302375555038,0.0,0.0,0.05297982692718506,0.16683192551136017,0.16944989562034607,0.0,0.003621200565248728,0.0,0.0019677854143083096,0.0,0.0,0.0,0.0,0.0
255,8.5,0.0004517961060628295,0.0,0.0,0.0,0.0,0.0,0.026112781837582588,0.0,0.0,0.0,0.0,0.0,0.0,0.027076130732893944,0.027264731004834175,0.02783256769180298,0.015916941687464714,0.0,0.055749088525772095,0.45687928795814514,0.019444817677140236,0.0033210893161594868,0.0,0.011561956256628036,0.02048266865313053,0.02347307652235031,0.02844320796430111,0.03925151750445366,0.043551258742809296,0.001115198596380651,0.0025100831408053637,0.03174520283937454,0.03683476522564888,0.08845476806163788,0.058355506509542465,0.03244520351290703,0.03235781937837601,0.09725964814424515,0.09786777198314667,0.07805659621953964,0.07492810487747192,0.0,0.0,0.057967934757471085,0.20130860805511475,0.204546719789505,0.0025168312713503838,0.003677251050248742,0.0,0.0022477342281490564,0.0,0.0,0.0,0.0,0.0
256,8.533333333333333,0.00016582017997279763,0.0,0.0,0.0,0.0,0.0,0.02742280811071396,0.0,0.0,0.0,0.0,0.0,0.0,0.028476061299443245,0.025945618748664856,0.026217306032776833,0.015672115609049797,0.0,0.0,0.47858214378356934,0.12170114368200302,0.006369230803102255,0.0,0.005597792565822601,0.014795462600886822,0.0167954433709383,0.023615697398781776,0.02918984740972519,0.03164348006248474,0.0,0.0014855291228741407,0.011411789804697037,0.04543508589267731,0.10461932420730591,0.04305625706911087,0.03893842175602913,0.03811829537153244,0.06976095587015152,0.07059025019407272,0.058783628046512604,0.055701762437820435,0.0,0.0,0.06641894578933716,0.23458458483219147,0.2386086881160736,0.008629084564745426,0.002766285091638565,0.0,0.002463598269969225,0.0,0.0,0.0,0.0,0.0
257,8.566666666666666,0.0,0.0,0.0,0.0,0.0,0.0,0.029466914013028145,0.0,0.0,0.0,0.0,0.0,0.0,0.030572745949029922,0.0174673143774271,0.022007038816809654,0.016666779294610023,0.0,0.0,0.4286869764328003,0.2418963462114334,0.014684364199638367,0.007716070860624313,0.0041681998409330845,0.008949808776378632,0.001455535995773971,0.008190582506358624,0.024337761104106903,0.02255607768893242,0.0,0.0007841566693969071,0.002377607161179185,0.057673901319503784,0.13496847450733185,0.020966459065675735,0.04447628930211067,0.04547503963112831,0.028784260153770447,0.024616429582238197,0.04114497825503349,0.0402190163731575,0.00038286304334178567,0.0,0.07765179872512817,0.2605931758880615,0.2656588852405548,0.009576467797160149,0.0016099883941933513,0.0,0.0006313530611805618,0.0,0.0,0.0,0.0,0.0
258,8.6,0.0,0.0,0.0,0.0,0.0,0.0,0.03306085988879204,0.0,0.0,0.0,0.0,0.0,0.0,0.03424140065908432,0.00407042820006609,0.017638688907027245,0.016098350286483765,0.0,0.008385523222386837,0.3394170105457306,0.3619837760925293,0.018195372074842453,0.0137481065467,0.015549457632005215,0.015792500227689743,0.0,0.0038580955006182194,0.007040663622319698,0.004928629845380783,0.00011447975703049451,0.00021353969350457191,0.0,0.06598066538572311,0.10017239302396774,0.003875297261402011,0.03348293900489807,0.037632983177900314,0.00587053457275033,0.0,0.0330599881708622,0.03393596410751343,0.0008048065938055515,0.0,0.0911167711019516,0.2822808027267456,0.2879302501678467,0.00817080494016409,0.0,0.00025201437529176474,0.0,0.0,0.0,0.0,0.0,0.0
259,8.633333333333333,0.0,0.0,0.0,0.0,0.0,0.0,0.036505620926618576,0.0,0.0,0.0,0.0,0.0,0.0,0.03774646669626236,0.030915502458810806,0.015536138787865639,0.013293852098286152,0.05094686523079872,0.08618086576461792,0.2635277211666107,0.38289496302604675,0.012977306731045246,0.01275678165256977,0.027496514841914177,0.025843044742941856,0.0022948465775698423,0.0,0.0,0.0019274932565167546,0.00037671663449145854,0.0003044375334866345,0.0,0.08041977137327194,0.04188654199242592,0.0,0.019211135804653168,0.026297086849808693,0.004399818833917379,0.0,0.022841520607471466,0.026831213384866714,0.0013703829608857632,0.0,0.09910538047552109,0.29692089557647705,0.3030130863189697,0.00774722034111619,0.010294884443283081,0.014021387323737144,0.0,0.003035588189959526,0.0,0.0,0.0,0.0
260,8.666666666666666,0.0,0.0,0.0,0.0,0.0,0.0,0.038620725274086,0.0,0.0,0.0,0.0,0.0,0.0,0.039816562086343765,0.05827222019433975,0.016002697870135307,0.010206584818661213,0.08523815870285034,0.10250453650951385,0.3145698308944702,0.2839193344116211,0.00222605699673295,0.0038475932087749243,0.03784330189228058,0.03629954531788826,0.006285627372562885,0.0,0.0,0.008681868202984333,0.0017320314655080438,0.0017720925388857722,0.0,0.0826084241271019,0.0,0.0004109122382942587,0.006218187510967255,0.018313396722078323,0.04149392992258072,0.03948419913649559,0.024470394477248192,0.029370803385972977,0.001723574474453926,0.0,0.10083669424057007,0.3059956729412079,0.31213393807411194,0.010075698606669903,0.03243240341544151,0.03703713417053223,0.0054285479709506035,0.0100267818197608,0.0,0.0,0.0,0.0
261,8.7,1.8344591808272526e-05,0.0,0.0,0.0,0.0,0.0,0.039200346916913986,0.0,0.0,0.0,0.0,0.0,0.0,0.040460146963596344,0.06934186816215515,0.020261121913790703,0.011058768257498741,0.07760349661111832,0.036240097135305405,0.45944705605506897,0.08089003711938858,0.0,0.0,0.05460624024271965,0.05457998439669609,0.008263087831437588,0.002136233262717724,0.008278097957372665,0.017362480983138084,0.00425449525937438,0.004363251384347677,0.0,0.060711123049259186,0.0,0.012961819767951965,0.0,0.011652935296297073,0.0899694487452507,0.08969440311193466,0.047301799058914185,0.048802003264427185,0.001851462759077549,0.0,0.09519711136817932,0.30866292119026184,0.3142298758029938,0.009754299186170101,0.0418369323015213,0.04353175312280655,0.0015567163936793804,0.002970384666696191,0.0,0.0,0.0,0.0
262,8.733333333333333,0.0003498984151519835,0.0,0.0,0.0,0.0,0.0,0.03949902579188347,0.0,0.0,0.0,0.0,0.0,0.0,0.04088832065463066,0.04489866644144058,0.021730391308665276,0.013983380980789661,0.021819638088345528,0.010071633383631706,0.5643322467803955,0.0,0.0009670532308518887,0.0,0.06901291012763977,0.06940793246030807,0.007434874773025513,0.0015104295453056693,0.01519840955734253,0.02404685877263546,0.005768244154751301,0.00590535206720233,0.0038386760279536247,0.04532984271645546,0.024982431903481483,0.024139875546097755,0.0012582704657688737,0.014109896495938301,0.11323078721761703,0.11634216457605362,0.06702467054128647,0.06609409302473068,0.0017653062241151929,0.0,0.09324659407138824,0.31024235486984253,0.315656840801239,0.00859998818486929,0.03983485326170921,0.04047943279147148,0.0,0.0,0.0,0.0,0.0,0.0
263,8.766666666666667,0.0004734492104034871,0.0,0.0,0.0,0.0,0.0,0.038811542093753815,0.0,0.0,0.0,0.0,0.0,0.0,0.0402713418006897,0.04219062626361847,0.02436927892267704,0.016366174444556236,0.0,0.0,0.5904358625411987,0.0,0.0021478605922311544,0.0,0.06588270515203476,0.06779841333627701,0.0014115304220467806,0.0,0.033208880573511124,0.03927481919527054,0.0065404148772358894,0.007008526008576155,0.03221920505166054,0.04019341245293617,0.16795499622821808,0.03687768429517746,0.029288506135344505,0.04183506593108177,0.09231653809547424,0.0921684056520462,0.08276443183422089,0.08826461434364319,0.001813017763197422,0.0,0.09314106404781342,0.31060901284217834,0.3159940242767334,0.006982038263231516,0.03966204822063446,0.042224396020174026,0.002053209813311696,0.0036121138837188482,0.0,0.0,0.0,0.0
264,8.8,0.00017586957255844027,0.0,0.0,0.0,0.0,0.0,0.038240958005189896,0.0,0.0,0.0,0.0,0.0,0.0,0.03965556621551514,0.054732680320739746,0.02037678472697735,0.017413463443517685,0.0,0.0,0.48342546820640564,0.0,0.002284788293763995,0.0017213261453434825,0.0687452182173729,0.0719667300581932,0.0006322247791104019,0.0,0.038299258798360825,0.04642311856150627,0.00940747745335102,0.010370717383921146,0.017169548198580742,0.05718584358692169,0.15464939177036285,0.03269100561738014,0.021764341741800308,0.034249480813741684,0.10194375365972519,0.10338723659515381,0.09223383665084839,0.09811408817768097,0.0019203901756554842,0.0,0.09226018935441971,0.3123997449874878,0.3177757263183594,0.0032370395492762327,0.04530790075659752,0.04870512709021568,0.008788613602519035,0.010294931940734386,0.0,0.0,0.0,0.0
265,8.833333333333334,0.0,0.0,0.0,0.0,0.0,0.0,0.03799892216920853,0.0,0.0,0.0,0.0,0.0,0.0,0.039293549954891205,0.06467925012111664,0.019114019349217415,0.015933329239487648,0.0,0.0,0.4084411859512329,0.0,0.003478035796433687,0.003020919393748045,0.06109030172228813,0.06494053453207016,0.0,0.0,0.03468656539916992,0.04211834818124771,0.009308896027505398,0.010345603339374065,0.019187791272997856,0.0722459927201271,0.1676756590604782,0.024542607367038727,0.03119812346994877,0.04169844835996628,0.09384436160326004,0.09397444128990173,0.07933216542005539,0.08316867798566818,0.0017947535961866379,0.0,0.09213664382696152,0.31353655457496643,0.3186531364917755,0.006434441544115543,0.0411849170923233,0.04258789122104645,0.005745630711317062,0.005479072220623493,0.0,0.0,0.0,0.0
266,8.866666666666667,0.0,0.0,0.0,0.0,0.0,0.0,0.037430647760629654,0.0,0.0,0.0,0.0,0.0,0.0,0.038689255714416504,0.06622733175754547,0.02037222310900688,0.014018699526786804,0.0,0.0,0.34868037700653076,0.0,0.004580651875585318,0.003988331183791161,0.0532710924744606,0.05574461817741394,0.0,0.0,0.04113757982850075,0.04573636129498482,0.009601366706192493,0.010313454084098339,0.038445740938186646,0.06868921965360641,0.2195582091808319,0.027339398860931396,0.04262319579720497,0.053158581256866455,0.07227233052253723,0.06830284744501114,0.0814397856593132,0.08843141794204712,0.0019302465952932835,0.0,0.09558526426553726,0.3134848475456238,0.31885164976119995,0.003581214463338256,0.033864881843328476,0.03580118715763092,0.0032951522152870893,0.0040786550380289555,0.0,0.0,0.0,0.0
267,8.9,0.00012680422514677048,0.0,0.0,0.0,0.0,0.0,0.03645836561918259,0.0,0.0,0.0,0.0,0.0,0.0,0.03772512450814247,0.047755055129528046,0.021809957921504974,0.012904382310807705,0.0,0.0,0.3574836850166321,0.0015665908576920629,0.004892275203019381,0.004068250767886639,0.038242846727371216,0.04071004316210747,0.0,0.0,0.04525391012430191,0.04708843678236008,0.007944634184241295,0.008497322909533978,0.03767750784754753,0.06275444477796555,0.258460134267807,0.03121488355100155,0.05882033705711365,0.06744837760925293,0.051169343292713165,0.0443657785654068,0.07461680471897125,0.08169486373662949,0.002074233256280422,0.0,0.09969975799322128,0.31160447001457214,0.3171769082546234,0.005778031889349222,0.02485043928027153,0.02559034712612629,0.0,0.0,0.0,0.0,0.0,0.0
268,8.933333333333334,0.0002542297006584704,0.0,0.0,0.0,0.0,0.0,0.03602495789527893,0.0,0.0,0.0,0.0,0.0,0.0,0.037353936582803726,0.020753193646669388,0.020872754976153374,0.010856800712645054,0.0,0.0,0.2943093180656433,0.0,0.003441550536081195,0.002386450534686446,0.04257092997431755,0.04467896744608879,0.0005599726573564112,0.0,0.03986837714910507,0.043320294469594955,0.008894791826605797,0.009507684968411922,0.05084242299199104,0.044543661177158356,0.24748452007770538,0.043321941047906876,0.05045333504676819,0.05930637940764427,0.03876474127173424,0.03525140509009361,0.08991413563489914,0.10020323097705841,0.0022629343438893557,0.0,0.10067535936832428,0.3122357428073883,0.3183821141719818,0.0,0.014712845906615257,0.01793285645544529,0.0009692460298538208,0.004691130481660366,0.0,0.0,0.0,0.0
269,8.966666666666667,0.0001981282257474959,0.0,0.0,0.0,0.0,0.0,0.03669847175478935,0.0,0.0,0.0,0.0,0.0,0.0,0.03807728737592697,0.01656218059360981,0.019606895744800568,0.007929169572889805,0.017710339277982712,0.01931964047253132,0.23546096682548523,0.0009660338400863111,0.0014180982252582908,0.00138459715526551,0.0479203499853611,0.050908561795949936,0.0019205071730539203,0.0,0.018809009343385696,0.022138496860861778,0.008372331038117409,0.009116491302847862,0.06369835138320923,0.029072076082229614,0.21971985697746277,0.052153330296278,0.04202428087592125,0.04635196551680565,0.024460533633828163,0.02309664525091648,0.09503334015607834,0.1044972762465477,0.0022456978913396597,0.0,0.0993417352437973,0.31421709060668945,0.3203929364681244,0.0,0.002711961045861244,0.005721696652472019,0.0033559270668774843,0.007984086871147156,0.0,0.0,0.0,0.0
270,9.0,0.0002491032937541604,0.0,0.0,0.0,0.0,0.0,0.03644730523228645,0.0,0.0,0.0,0.0,0.0,0.0,0.03781019151210785,0.023323437198996544,0.021555691957473755,0.00911110732704401,0.0,0.011407180689275265,0.19071422517299652,0.0,0.0,0.0,0.06209985166788101,0.06687704473733902,0.009917371906340122,0.007917618378996849,0.014658534899353981,0.017924385145306587,0.009908813051879406,0.010804702527821064,0.08232076466083527,0.017469724640250206,0.24336178600788116,0.06811278313398361,0.0387018658220768,0.04076081141829491,0.03740159794688225,0.03536996990442276,0.09820447117090225,0.10882481187582016,0.0025497772730886936,0.0,0.09534059464931488,0.3108016848564148,0.316926509141922,0.0,0.0,0.0018290141597390175,0.0,0.004438194911926985,0.0,0.0,0.0,0.0
271,9.033333333333333,0.00021864344307687134,0.0,0.0,0.0,0.0,0.0,0.03491959348320961,0.0,0.0,0.0,0.0,0.0,0.0,0.03628368303179741,0.042697418481111526,0.023046163842082024,0.015858054161071777,0.0,0.0,0.10051172226667404,0.0,0.0,0.0,0.09225226193666458,0.097080759704113,0.006820053793489933,0.0032379336189478636,0.05054765194654465,0.05461082607507706,0.017696641385555267,0.01858625002205372,0.16545483469963074,0.000950503395870328,0.4075144827365875,0.09955209493637085,0.03678251802921295,0.042786192148923874,0.07983086258172989,0.07530556619167328,0.1296037882566452,0.1468142569065094,0.0025294513907283545,0.0,0.09431289881467819,0.30989885330200195,0.31616801023483276,0.0,0.0,0.004864022601395845,0.004297561943531036,0.011385299265384674,0.0,0.0,0.0,0.0
272,9.066666666666666,0.000295859994366765,0.0,0.0,0.0,0.0,0.0,0.03293947875499725,0.0,0.0,0.0,0.0,0.0,0.0,0.0343654602766037,0.06058521196246147,0.025745967403054237,0.017285142093896866,0.0,0.0,0.07662541419267654,0.0,0.0,0.0006474428228102624,0.09613075852394104,0.09486191719770432,0.000460147944977507,0.0,0.07827895879745483,0.0776897594332695,0.023173512890934944,0.023252476006746292,0.23365390300750732,0.0,0.5567903518676758,0.13452152907848358,0.02170221321284771,0.03185555711388588,0.10211815685033798,0.09448245167732239,0.16901150345802307,0.18762095272541046,0.002419275464490056,0.0,0.10185599327087402,0.3124328851699829,0.3192176818847656,0.0,0.0,0.006457935087382793,0.02199593000113964,0.0304741021245718,0.0,0.0,0.0,0.0
273,9.1,0.00028491183184087276,0.0,0.0,0.0,0.0,0.0,0.030768299475312233,0.0,0.0,0.0,0.0,0.0,0.0,0.03221150115132332,0.06348977237939835,0.02820587158203125,0.017235111445188522,0.0,0.0,0.09480216354131699,0.0,0.001500143320299685,0.003011211520060897,0.07971986383199692,0.07484332472085953,0.0,0.0,0.09371094405651093,0.08639495074748993,0.025396738201379776,0.0249148178845644,0.2716779410839081,0.0,0.6797613501548767,0.16393588483333588,0.0019765475299209356,0.011283589527010918,0.10704326629638672,0.09574182331562042,0.19503192603588104,0.21256880462169647,0.002390987705439329,0.0,0.10938528925180435,0.3162406086921692,0.3231968283653259,0.0,0.0,0.005304668564349413,0.03506685793399811,0.04310676082968712,0.0,0.0,0.0,0.0
274,9.133333333333333,0.00023066044377628714,0.0,0.0,0.0,0.0,0.0,0.02890744060277939,0.0,0.0,0.0,0.0,0.0,0.0,0.030345652252435684,0.05181903764605522,0.025746380910277367,0.018231632187962532,0.0,0.0,0.09734100103378296,0.0,0.005896825343370438,0.007548613008111715,0.0665145069360733,0.05945351719856262,0.0,0.0,0.09263782948255539,0.08340898901224136,0.026901666074991226,0.02606886439025402,0.23916353285312653,0.0,0.6636900901794434,0.18554197251796722,0.0,0.005724815186113119,0.11785874515771866,0.10691463202238083,0.21929343044757843,0.23322239518165588,0.002310620155185461,0.0,0.11621136963367462,0.32088249921798706,0.3279183506965637,0.0,0.0,0.004230893682688475,0.045516449958086014,0.05275015905499458,0.0,0.0,0.0,0.0
275,9.166666666666666,0.000194817446754314,0.0,0.0,0.0,0.0,0.0,0.028709201142191887,0.0,0.0,0.0,0.0,0.0,0.0,0.030160747468471527,0.0350186750292778,0.021487249061465263,0.01678639091551304,0.0,0.0,0.07221290469169617,0.0,0.008498228155076504,0.009885610081255436,0.058311570435762405,0.05290577560663223,0.0,0.0,0.0580475814640522,0.05444779992103577,0.025136753916740417,0.024678541347384453,0.17424637079238892,0.0,0.5383450388908386,0.18779192864894867,0.0,0.0040499488823115826,0.12116094678640366,0.11786798387765884,0.21314425766468048,0.22173522412776947,0.0025153581518679857,0.0,0.11713807284832001,0.3240944743156433,0.331342875957489,0.0028244236018508673,0.0,0.0021830981131643057,0.04346032068133354,0.05021524056792259,0.0,0.0,0.0,0.0
276,9.2,3.1025887437863275e-05,0.0,0.0,0.0,0.0,0.0,0.029607033357024193,0.0,0.0,0.0,0.0,0.0,0.0,0.03102981485426426,0.057760559022426605,0.015956895425915718,0.01532438863068819,0.09507204592227936,0.0,0.03767126798629761,0.0,0.008781041018664837,0.009455425664782524,0.05559515953063965,0.051687147468328476,0.004174287896603346,0.0,0.031041404232382774,0.03544372320175171,0.02387887053191662,0.023773107677698135,0.07109420001506805,0.0,0.3650807738304138,0.1677912175655365,0.0,0.006880722939968109,0.1390823870897293,0.14125517010688782,0.19211411476135254,0.19692689180374146,0.002376452088356018,0.0,0.11422750353813171,0.32643628120422363,0.33329787850379944,0.004109251778572798,0.0,0.003392972284927964,0.039481885731220245,0.04566022753715515,0.0,0.0,0.0,0.0
277,9.233333333333333,0.0,0.0,0.0,0.0,0.0,0.0,0.030606623739004135,0.0,0.0,0.0,0.0,0.0,0.0,0.031930699944496155,0.09726434201002121,0.011577199213206768,0.012846970930695534,0.19825200736522675,0.005106080323457718,0.05704977735877037,0.0,0.005839249584823847,0.0037804357707500458,0.051593419164419174,0.05178332328796387,0.004194364417344332,0.0,0.0216189194470644,0.03033183515071869,0.02378658764064312,0.024235235527157784,0.0,0.0,0.2003888636827469,0.1450490653514862,0.0,0.007304300554096699,0.18517737090587616,0.1902162879705429,0.18389123678207397,0.18284885585308075,0.002282740781083703,0.0,0.11006882786750793,0.3261982500553131,0.3325178623199463,0.004637314472347498,0.004864901304244995,0.006067687179893255,0.040435533970594406,0.04204300045967102,0.0,0.0,0.0,0.0
278,9.266666666666667,0.0,0.0,0.0,0.0,0.0,0.0,0.03170759975910187,0.0,0.0,0.0,0.0,0.0,0.0,0.03295359015464783,0.11062172800302505,0.008861164562404156,0.010245823301374912,0.2179102897644043,0.021515829488635063,0.10636495053768158,0.0,0.004523841198533773,0.0007356448913924396,0.04521727189421654,0.04892988130450249,0.0024355824571102858,0.0002791975566651672,0.020692285150289536,0.029985718429088593,0.022753886878490448,0.023621991276741028,0.0,0.00690371124073863,0.0993134006857872,0.12293988466262817,0.0,0.006350153591483831,0.216358944773674,0.2231673300266266,0.17801819741725922,0.17257839441299438,0.002079395577311516,0.0,0.10734773427248001,0.3259209394454956,0.331906795501709,0.005997285712510347,0.008932575583457947,0.0076627167873084545,0.03614126145839691,0.034093473106622696,0.0,0.0,0.0,0.0
279,9.3,0.0,0.0,0.0,0.0,0.0,0.0,0.032335035502910614,0.0,0.0,0.0,0.0,0.0,0.0,0.033510077744722366,0.09614033997058868,0.007072554435580969,0.007313527166843414,0.19932982325553894,0.06557636708021164,0.17009340226650238,0.007140386383980513,0.004432525485754013,0.0,0.03271717578172684,0.037820346653461456,0.005227417219430208,0.00530113885179162,0.022672273218631744,0.030288830399513245,0.019801363348960876,0.020707108080387115,0.0,0.016413340345025063,0.05012794956564903,0.10325336456298828,0.0,0.005558833479881287,0.2273077815771103,0.23326972126960754,0.1606530100107193,0.1531008630990982,0.0019851711113005877,0.0,0.10337384045124054,0.32319292426109314,0.32866403460502625,0.008327512070536613,0.004562767222523689,0.0016078745247796178,0.019320007413625717,0.014920647256076336,0.0,0.0,0.0,0.0
280,9.333333333333334,0.0,0.0,0.0,0.0,0.0,0.0,0.031575579196214676,0.0,0.0,0.0,0.0,0.0,0.0,0.03272469714283943,0.07410337030887604,0.00544021837413311,0.005294680129736662,0.14322195947170258,0.0903361439704895,0.16547676920890808,0.0,0.004500228445976973,0.0,0.02614806406199932,0.031520068645477295,0.007970860227942467,0.011059117503464222,0.02948981709778309,0.03368254005908966,0.017979523167014122,0.01877431385219097,0.007646244950592518,0.024373043328523636,0.024482417851686478,0.08343467861413956,0.0,0.0037826101761311293,0.22297202050685883,0.22694741189479828,0.1495582014322281,0.14059291779994965,0.0021368199959397316,0.0,0.09662090241909027,0.3158498704433441,0.32086169719696045,0.005589145701378584,0.003420662833377719,0.0,0.006053488701581955,0.0,0.0,0.0,0.0,0.0
281,9.366666666666667,0.0,0.0,0.0,0.0,0.0,0.0,0.03175488859415054,0.0,0.0,0.0,0.0,0.0,0.0,0.0328991524875164,0.040467653423547745,0.006475578993558884,0.0031430094968527555,0.21231487393379211,0.13207951188087463,0.22350294888019562,0.05988120660185814,0.004818758461624384,0.0,0.020762553438544273,0.028278633952140808,0.013210496865212917,0.02140934392809868,0.029111556708812714,0.029392054304480553,0.01477838959544897,0.015708526596426964,0.0,0.02506493218243122,0.0,0.07166728377342224,0.002498200861737132,0.0,0.21143768727779388,0.21571090817451477,0.14536301791667938,0.13272634148597717,0.0018242835067212582,0.0,0.09950702637434006,0.31632792949676514,0.3215080499649048,0.00800533127039671,0.0037408717907965183,0.0,0.006679163780063391,0.0,0.0,0.0,0.0,0.0
282,9.4,0.0,0.0,0.0,0.0,0.0,0.0,0.031682997941970825,0.0,0.0,0.0,0.0,0.0,0.0,0.03274041414260864,0.036072272807359695,0.005220215767621994,0.0029177411925047636,0.3992314040660858,0.13238047063350677,0.19018344581127167,0.012357198633253574,0.004920573439449072,0.0,0.026718033477663994,0.031839560717344284,0.013538333587348461,0.0250710342079401,0.026849448680877686,0.02060016617178917,0.014597303234040737,0.015011272393167019,0.0,0.020914237946271896,0.0,0.05876506119966507,0.001509997877292335,0.0,0.20252679288387299,0.2026297152042389,0.15598164498806,0.14291250705718994,0.0016697365790605545,0.0,0.09901668131351471,0.31585532426834106,0.32101011276245117,0.006618882063776255,0.004870613571256399,0.0,0.007845456711947918,0.0,0.0,0.0,0.0,0.0
283,9.433333333333334,0.0,0.0,0.0,0.0,0.0,0.0,0.03277331963181496,0.0,0.0,0.0,0.0,0.0,0.0,0.03375554829835892,0.04272405430674553,0.007194173987954855,0.0028480945620685816,0.4772299826145172,0.19713094830513,0.17584431171417236,0.044162388890981674,0.004130237270146608,0.0,0.019701186567544937,0.024531163275241852,0.026532918214797974,0.03918194770812988,0.020475847646594048,0.011727046221494675,0.011058994568884373,0.01133259292691946,0.0,0.021116966381669044,0.0,0.04003098979592323,0.006323251407593489,0.0,0.17895160615444183,0.17726507782936096,0.1267015039920807,0.11374738067388535,0.001210095128044486,0.0,0.10752907395362854,0.32524344325065613,0.3307620584964752,0.011568121612071991,0.0027174886781722307,0.0,0.004540084395557642,0.0,0.0,0.0,0.0,0.0
284,9.466666666666667,0.0,0.0,0.0,0.0,0.0,0.0,0.035537611693143845,0.0,0.0,0.0,0.0,0.0,0.0,0.03655896335840225,0.03661716729402542,0.012384994886815548,0.0031501760240644217,0.4871320128440857,0.27769723534584045,0.17628227174282074,0.1245667114853859,0.0019099543569609523,0.0,0.013785965740680695,0.018122473731637,0.04791027307510376,0.05951985344290733,0.016868634149432182,0.008441856130957603,0.0063998098485171795,0.006538719870150089,0.0,0.016006575897336006,0.0,0.029677672311663628,0.009843018837273121,0.0,0.13512364029884338,0.13164421916007996,0.09323655068874359,0.08297509700059891,0.0009261926752515137,0.0,0.12015420943498611,0.33978283405303955,0.3457733988761902,0.013158445246517658,0.0,0.0,0.0001360573951387778,0.0,0.0,0.0,0.0,0.0
285,9.5,0.0,0.0,0.0,0.0,0.0,0.0,0.0386693999171257,0.0,0.0,0.0,0.0,0.0,0.0,0.03962316736578941,0.039351437240839005,0.013709343038499355,0.006322022527456284,0.49225905537605286,0.32060152292251587,0.13220374286174774,0.08808806538581848,0.0014831217704340816,0.0,0.020816296339035034,0.021924076601862907,0.05230020359158516,0.05917395278811455,0.023645497858524323,0.01659725047647953,0.0049285548739135265,0.00470713572576642,0.0,0.011940492317080498,0.0,0.023094085976481438,0.005555880255997181,0.0,0.1097506657242775,0.10567604750394821,0.07560565322637558,0.06865029782056808,0.0008657639264129102,0.0,0.12591657042503357,0.3489636182785034,0.35449981689453125,0.009911524131894112,0.0,0.0,0.0,0.0,0.0,0.0,0.0,0.0
286,9.533333333333333,0.0,0.0,0.0,0.0,0.0,0.0,0.04169374704360962,0.0,0.0,0.0,0.0,0.0,0.0,0.04266306012868881,0.028983166441321373,0.0126628577709198,0.009330226108431816,0.39920666813850403,0.376453161239624,0.08311471343040466,0.11294449120759964,0.0009504598565399647,0.0,0.026146123185753822,0.02773166075348854,0.04659111425280571,0.05100909620523453,0.029352974146604538,0.024364614859223366,0.002696242416277528,0.002660706639289856,0.007317022420465946,0.017675502225756645,0.0056673940271139145,0.016335897147655487,0.018980134278535843,0.013046257197856903,0.07925435155630112,0.07556503266096115,0.053602494299411774,0.049436088651418686,0.000819426029920578,0.0,0.131632462143898,0.3579580783843994,0.3634791672229767,0.008485887199640274,0.0,0.0,0.0,0.0,0.0,0.0,0.0,0.0
287,9.566666666666666,0.0,0.0,0.0,0.0,0.0,0.0,0.045102402567863464,0.0,0.0,0.0,0.0,0.0,0.0,0.046128351241350174,0.017783276736736298,0.00850908737629652,0.011900454759597778,0.3091621398925781,0.4225125312805176,0.0,0.06721856445074081,0.0024200647603720427,0.0,0.04223223403096199,0.043642934411764145,0.029190225526690483,0.030967338010668755,0.042285602539777756,0.03917776048183441,0.0028734663501381874,0.00292789563536644,0.035133861005306244,0.035303033888339996,0.010191977955400944,0.007420110981911421,0.029589442536234856,0.026279186829924583,0.05829320475459099,0.055196136236190796,0.0448245145380497,0.042848359793424606,0.0009272171882912517,0.0,0.1376064270734787,0.361787348985672,0.3668324947357178,0.0025859829038381577,0.0,0.0007782959146425128,0.0,0.0,0.0,0.0,0.0,0.0
288,9.6,0.0,0.0,0.0,0.0,0.0,0.0,0.04836473613977432,0.0,0.0,0.0,0.0,0.0,0.0,0.04942223057150841,0.0037184555549174547,0.0029547433368861675,0.012279612943530083,0.14888204634189606,0.4317205548286438,0.0,0.0,0.00681959418579936,0.00408405065536499,0.06111299619078636,0.06299366056919098,0.011362048797309399,0.010310372337698936,0.04992448911070824,0.04808307811617851,0.0037767477333545685,0.004048602189868689,0.11873967200517654,0.06293793022632599,0.0378623865544796,0.0,0.05090261623263359,0.04904986545443535,0.014006614685058594,0.010897764004766941,0.04121476039290428,0.044204507023096085,0.0009070836240425706,0.0,0.14423370361328125,0.3631168603897095,0.3675481081008911,0.0,0.001420688582584262,0.007275153882801533,0.0,0.0015098516596481204,0.0,0.0,0.0,0.0
289,9.633333333333333,0.0,0.0,0.0,0.0,0.0,0.0,0.05074101313948631,0.0,0.0,0.0,0.0,0.0,0.0,0.05183669179677963,0.0015122711192816496,0.0,0.011549272574484348,0.15371544659137726,0.39509785175323486,0.0,0.0,0.007555725518614054,0.007875625044107437,0.07568581402301788,0.07453969866037369,0.005644162651151419,0.0,0.05944577977061272,0.06354095041751862,0.006019536405801773,0.006045243237167597,0.10944656282663345,0.08061663806438446,0.0,0.0,0.0378861129283905,0.04541757330298424,0.017178824171423912,0.016176460310816765,0.041531018912792206,0.047300126403570175,0.0014477595686912537,0.0,0.1406889110803604,0.35715997219085693,0.3615027964115143,0.0,0.025618506595492363,0.034918513149023056,0.0,0.007376567926257849,0.0,0.0,0.0,0.0
290,9.666666666666666,0.0,0.0,0.0,0.0,0.0,0.0,0.052565447986125946,0.0,0.0,0.0,0.0,0.0,0.0,0.05350973829627037,0.05581159517168999,0.0,0.013829268515110016,0.5060869455337524,0.30056285858154297,0.00849955715239048,0.0,0.005569098982959986,0.0029050081502646208,0.07517965883016586,0.07209193706512451,0.002370202913880348,0.0,0.06924999505281448,0.07543697953224182,0.009316726587712765,0.009010259062051773,0.0,0.0621502585709095,0.0,0.005213307682424784,0.0,0.01023323368281126,0.10088231414556503,0.10196398943662643,0.06432109326124191,0.060069113969802856,0.0013676752569153905,0.0,0.13132236897945404,0.3534863293170929,0.3576941192150116,0.004039132501929998,0.0567653626203537,0.059772834181785583,0.017154889181256294,0.019841661676764488,0.0,0.0,0.0,0.0
291,9.7,0.0,0.0,0.0,0.0,0.0,0.0,0.05407734587788582,0.0,0.0,0.0,0.0,0.0,0.0,0.05503934621810913,0.11337646842002869,0.006996269803494215,0.01107053179293871,0.7267026901245117,0.2417580485343933,0.0759427398443222,0.0,0.002680560341104865,0.0,0.0796516165137291,0.07851409912109375,0.0060998001135885715,0.0065759881399571896,0.07396507263183594,0.07693193852901459,0.0123110581189394,0.012073317542672157,0.0,0.033830590546131134,0.0,0.003345384495332837,0.0,0.0011393799213692546,0.16983021795749664,0.1711357980966568,0.08052261918783188,0.06781815737485886,0.0013229944743216038,0.0,0.11731944233179092,0.3450932502746582,0.34879642724990845,0.01190719660371542,0.048567768186330795,0.04513004422187805,0.005118344910442829,0.0015900008147582412,0.0,0.0,0.0,0.0
292,9.733333333333333,0.0,0.0,0.0,0.0,0.0,0.0,0.05508927255868912,0.0,0.0,0.0,0.0,0.0,0.0,0.05610097199678421,0.13218840956687927,0.01363081019371748,0.011935529299080372,0.7086955308914185,0.21766501665115356,0.10654107481241226,0.0,0.0009572349372319877,0.0,0.09164740890264511,0.09222932904958725,0.017769131809473038,0.01960366778075695,0.08483727276325226,0.0865660086274147,0.01541226264089346,0.01534185465425253,0.0,0.014305692166090012,0.0,0.005637673195451498,0.0,0.0019901941996067762,0.2117832452058792,0.2134770154953003,0.09652303904294968,0.08174323290586472,0.0009786527371034026,0.0,0.11408601701259613,0.33903029561042786,0.3423023819923401,0.010752753354609013,0.029430005699396133,0.023387325927615166,0.0033798047807067633,0.0,0.0,0.0,0.0,0.0
293,9.766666666666667,0.0,0.0,0.0,0.0,0.0,0.0,0.05368693917989731,0.0,0.0,0.0,0.0,0.0,0.0,0.054747335612773895,0.10920517146587372,0.015966586768627167,0.014009110629558563,0.4518740773200989,0.18732425570487976,0.08431437611579895,0.0,0.0009816327365115285,0.0,0.09657277166843414,0.10009068250656128,0.026450810953974724,0.02717198245227337,0.09837783128023148,0.099387988448143,0.01610424742102623,0.01655649207532406,0.05997760593891144,0.010110035538673401,0.043970152735710144,0.012553204782307148,0.018173908814787865,0.017890838906168938,0.19582541286945343,0.19794467091560364,0.11615051329135895,0.10733069479465485,0.001030951738357544,0.0,0.11163768172264099,0.33028629422187805,0.33330899477005005,0.0015383836580440402,0.00464114174246788,0.0,0.0012636417523026466,0.0,0.0,0.0,0.0,0.0
294,9.8,0.0,0.0,0.0,0.0,0.0,0.0,0.05054248496890068,0.0,0.0,0.0,0.0,0.0,0.0,0.05172068253159523,0.06304430216550827,0.0172648373991251,0.013801817782223225,0.14285843074321747,0.15888699889183044,0.024590270593762398,0.0,0.002137996954843402,0.0,0.09990660101175308,0.10633641481399536,0.031856995075941086,0.029549304395914078,0.10226757079362869,0.10722678154706955,0.015705054625868797,0.016867952421307564,0.13133534789085388,0.01568186841905117,0.10753083974123001,0.017099572345614433,0.048582009971141815,0.04769483208656311,0.1553020030260086,0.15920045971870422,0.12873432040214539,0.1282186508178711,0.0013861354673281312,0.0,0.11036926507949829,0.32423216104507446,0.3280618190765381,0.0,0.0,0.0,0.0,0.0,0.0,0.0,0.0,0.0
295,9.833333333333334,0.00026333756977692246,0.0,0.0,0.0,0.0,0.0,0.04711252823472023,0.0,0.0,0.0,0.0,0.0,0.0,0.048486530780792236,0.046672310680150986,0.020677829161286354,0.01267391350120306,0.0,0.049465112388134,0.0,0.0,0.0018894978566095233,0.0,0.10391415655612946,0.10859930515289307,0.03538943827152252,0.03194837272167206,0.1082807406783104,0.1116052195429802,0.017099246382713318,0.018109463155269623,0.24600791931152344,0.04220455139875412,0.2503737211227417,0.021814167499542236,0.09152431786060333,0.0915980339050293,0.10934747755527496,0.10900936275720596,0.12257807701826096,0.1323363482952118,0.0016766047338023782,0.0,0.1098543033003807,0.3214903473854065,0.3262719511985779,0.0,0.0,0.0001827328378567472,0.0,0.0,0.0,0.0,0.0,0.0
296,9.866666666666667,0.00023554652580060065,0.0,0.0,0.0,0.0,0.0,0.04530448094010353,0.0,0.0,0.0,0.0,0.0,0.0,0.04672377556562424,0.06780903041362762,0.021285362541675568,0.013030639849603176,0.0,0.003607809543609619,0.0,0.0,0.002048080787062645,0.0,0.08377362787723541,0.08827202767133713,0.03033226542174816,0.02853001467883587,0.1010134294629097,0.1036151796579361,0.015079583041369915,0.016122965142130852,0.23572222888469696,0.07626558840274811,0.25359755754470825,0.017438320443034172,0.11123176664113998,0.11009242385625839,0.08502068370580673,0.08374782651662827,0.09458186477422714,0.103495292365551,0.0018570433603599668,0.0,0.11014853417873383,0.3213503956794739,0.32655996084213257,0.001390416524372995,0.0,5.27555966982618e-05,0.0,0.0,0.0,0.0,0.0,0.0
297,9.9,0.0003991617413703352,0.0,0.0,0.0,0.0,0.0,0.04340968653559685,0.0,0.0,0.0,0.0,0.0,0.0,0.04481813311576843,0.08543668687343597,0.022338490933179855,0.014006750658154488,0.0,0.0,0.030531391501426697,0.0,0.003740504151210189,0.0,0.07113490253686905,0.07393170148134232,0.010410909540951252,0.010982660576701164,0.11103679239749908,0.1106874942779541,0.016521543264389038,0.017270684242248535,0.21004325151443481,0.06443583220243454,0.26599109172821045,0.026508277282118797,0.09751655906438828,0.0972670242190361,0.0832933858036995,0.07950147986412048,0.11326906830072403,0.12133053690195084,0.0022513861767947674,0.0,0.10670443624258041,0.3202323317527771,0.3260144293308258,0.0,0.002427268773317337,0.004527517594397068,0.0,0.0008398031932301819,0.0,0.0,0.0,0.0
298,9.933333333333334,0.0005168028292246163,0.0,0.0,0.0,0.0,0.0,0.04198984429240227,0.0,0.0,0.0,0.0,0.0,0.0,0.043411917984485626,0.06708487868309021,0.017254231497645378,0.014692491851747036,0.0,0.0,0.020613009110093117,0.0,0.004866382107138634,0.00017253377882298082,0.06345176696777344,0.06671688705682755,0.0015834411606192589,0.0,0.0946236103773117,0.09833373129367828,0.01672317273914814,0.01776077225804329,0.16756726801395416,0.05590015649795532,0.20540450513362885,0.03330781310796738,0.07367440313100815,0.07671546190977097,0.08523101359605789,0.0867607593536377,0.12734857201576233,0.13512049615383148,0.0025240248069167137,0.0,0.10267177224159241,0.3220781087875366,0.3285238444805145,0.0007970886654220521,0.010932299308478832,0.015401429496705532,0.0025855805724859238,0.007379170041531324,0.0,0.0,0.0,0.0
299,9.966666666666667,0.00027806489379145205,0.0,0.0,0.0,0.0,0.0,0.04054795950651169,0.0,0.0,0.0,0.0,0.0,0.0,0.0418662503361702,0.04977009445428848,0.012230831198394299,0.012885010801255703,0.034588705748319626,0.0026106969453394413,0.0,0.0,0.005476966965943575,0.0021491507068276405,0.06534373015165329,0.06883049756288528,0.0011534224031493068,0.0,0.078823521733284,0.08430612832307816,0.01860729418694973,0.019726809114217758,0.12041261792182922,0.06791529059410095,0.0970916673541069,0.024081677198410034,0.03911179304122925,0.04412417858839035,0.1092870831489563,0.11423670500516891,0.12895409762859344,0.13183213770389557,0.0027725992258638144,0.0,0.10052002221345901,0.32328763604164124,0.3302645683288574,0.0,0.024088367819786072,0.027575938031077385,0.006875673774629831,0.010969690047204494,0.0,0.0,0.0,0.0
300,10.0,0.0,0.0,0.0,0.0,0.0,0.0,0.03969201818108559,0.0,0.0,0.0,0.0,0.0,0.0,0.04087727516889572,0.03468136861920357,0.009496865794062614,0.010369601659476757,0.11939876526594162,0.033063165843486786,0.0,0.0,0.004365238361060619,0.0016347196651622653,0.06431064754724503,0.06732397526502609,0.0021098086144775152,0.0,0.06515754759311676,0.07077915221452713,0.01964521035552025,0.02060985006392002,0.08561109006404877,0.07278694957494736,0.011402565985918045,0.017329426482319832,0.013384103775024414,0.01856561191380024,0.13664978742599487,0.14269742369651794,0.1267363280057907,0.1270231157541275,0.0025624551344662905,0.0,0.10111884772777557,0.3255324959754944,0.33216768503189087,0.0015319028170779347,0.028050268068909645,0.03087061643600464,0.007253043353557587,0.011061428114771843,0.0,0.0,0.0,0.0
301,10.033333333333333,0.0,0.0,0.0,0.0,0.0,0.0,0.04019072651863098,0.0,0.0,0.0,0.0,0.0,0.0,0.04118140786886215,0.031613368541002274,0.0063876318745315075,0.0074017904698848724,0.2980753481388092,0.09882047772407532,0.0,0.0,0.0026996161323040724,0.0,0.051035817712545395,0.053938496857881546,0.003315936541184783,0.0,0.05359139293432236,0.05963905155658722,0.01822902075946331,0.01903797686100006,0.034664444625377655,0.06769648939371109,0.0,0.014070458710193634,0.0,0.0036416181828826666,0.1625916212797165,0.16885213553905487,0.11122918128967285,0.10984361171722412,0.0019981893710792065,0.0,0.09874173253774643,0.3255214989185333,0.33092451095581055,0.00571814551949501,0.027556179091334343,0.02944355085492134,0.0008524289587512612,0.0033942952286452055,0.0,0.0,0.0,0.0
302,10.066666666666666,0.0,0.0,0.0,0.0,0.0,0.0,0.04248155653476715,0.0,0.0,0.0,0.0,0.0,0.0,0.04341372475028038,0.04218580573797226,0.007001871708780527,0.005514839664101601,0.5038376450538635,0.22811046242713928,0.04092390835285187,0.003271617693826556,0.0008163793245330453,0.0,0.0320948027074337,0.0346938818693161,0.013268995098769665,0.00956218782812357,0.041703686118125916,0.04781809821724892,0.013665772043168545,0.0142714474350214,0.0,0.06122159957885742,0.0,0.005895518697798252,0.0,0.0016236361116170883,0.16726385056972504,0.17285187542438507,0.07094784826040268,0.06698953360319138,0.0010008496465161443,0.0,0.10399957746267319,0.33043816685676575,0.33468130230903625,0.015971414744853973,0.0035068318247795105,0.0037206902634352446,0.0,0.0,0.0,0.0,0.0,0.0
303,10.1,0.0,0.0,0.0,0.0,0.0,0.0,0.0447135828435421,0.0,0.0,0.0,0.0,0.0,0.0,0.04568901285529137,0.04940851032733917,0.012047432363033295,0.008805208839476109,0.6044555306434631,0.2970837950706482,0.10782362520694733,0.0,0.0,0.0,0.023623332381248474,0.02957308106124401,0.04113728925585747,0.039845388382673264,0.04188261181116104,0.048699866980314255,0.009308547712862492,0.01021607406437397,0.0,0.03769887983798981,0.0,0.012085730209946632,0.0,4.833470939047402e-06,0.1580609828233719,0.16266892850399017,0.041533198207616806,0.036710258573293686,0.0005501205450855196,0.0,0.11251143366098404,0.33433079719543457,0.33806705474853516,0.017448702827095985,0.0,0.0,0.0,0.0,0.0,0.0,0.0,0.0
304,10.133333333333333,0.0,0.0,0.0,0.0,0.0,0.0,0.0453316830098629,0.0,0.0,0.0,0.0,0.0,0.0,0.046349916607141495,0.057923827320337296,0.016764236614108086,0.010240128263831139,0.5078151226043701,0.26382461190223694,0.11812983453273773,0.0,2.603663347144902e-07,0.0,0.04035627096891403,0.04481017217040062,0.053609468042850494,0.054359812289476395,0.059021539986133575,0.0628429651260376,0.010583135299384594,0.01118866540491581,0.017169835045933723,0.019610431045293808,0.0,0.019514895975589752,0.0,0.0006174279260449111,0.1537691056728363,0.15686088800430298,0.06444058567285538,0.05731970816850662,0.0008145073079504073,0.0,0.11612442135810852,0.33057859539985657,0.3339458703994751,0.007058735471218824,0.0,0.0,0.0,0.0,0.0,0.0,0.0,0.0
305,10.166666666666666,0.0,0.0,0.0,0.0,0.0,0.0,0.045196641236543655,0.0,0.0,0.0,0.0,0.0,0.0,0.04629313945770264,0.04898029938340187,0.01770944707095623,0.011554403230547905,0.2622855603694916,0.24974657595157623,0.03042064793407917,0.0,0.001369793782941997,0.0,0.05329588055610657,0.06018325686454773,0.057451773434877396,0.05621642991900444,0.07296458631753922,0.0787578746676445,0.011006488464772701,0.012232878245413303,0.07195258885622025,0.027454905211925507,0.03335948288440704,0.017660928890109062,0.02279593236744404,0.021903930231928825,0.11536882072687149,0.1191868782043457,0.0768052414059639,0.07670245319604874,0.0011091498890891671,0.0,0.11873478442430496,0.3282648026943207,0.33207330107688904,0.0,0.0,0.0,0.0,0.0,0.0,0.0,0.0,0.0
306,10.2,0.0,0.0,0.0,0.0,0.0,0.0,0.04385257139801979,0.0,0.0,0.0,0.0,0.0,0.0,0.045095738023519516,0.012577748857438564,0.01690586283802986,0.010752584785223007,0.007542498409748077,0.17252536118030548,0.0,0.0,0.0029327888041734695,0.0,0.05974671244621277,0.06954400986433029,0.045361004769802094,0.04435953125357628,0.07826528698205948,0.08482988178730011,0.011076725088059902,0.01293802261352539,0.12474201619625092,0.03958520293235779,0.06654243171215057,0.01692785695195198,0.050509970635175705,0.047127123922109604,0.07762278616428375,0.08111505955457687,0.09168366342782974,0.09734655916690826,0.0014794411836192012,0.0,0.1179732084274292,0.32740941643714905,0.33200326561927795,0.0,0.0,0.0011546725872904062,0.0,0.0,0.0,0.0,0.0,0.0
307,10.233333333333333,0.0003427870979066938,0.0,0.0,0.0,0.0,0.0,0.0405859611928463,0.0,0.0,0.0,0.0,0.0,0.0,0.04185125604271889,0.01124932337552309,0.015536430291831493,0.01185480784624815,0.0,0.03214629366993904,0.0,0.0,0.0034705926664173603,0.0,0.07171952724456787,0.08044185489416122,0.029448404908180237,0.029125457629561424,0.10024713724851608,0.10546379536390305,0.0157586932182312,0.017497606575489044,0.14713352918624878,0.07328908890485764,0.09173668920993805,0.005188859533518553,0.05502310022711754,0.05340678244829178,0.09330601990222931,0.09659721702337265,0.10623512417078018,0.11097315698862076,0.002119104377925396,0.0,0.10913976281881332,0.32276782393455505,0.32806554436683655,0.0,0.0031270345207303762,0.005758010782301426,0.0,0.0,0.0,0.0,0.0,0.0
308,10.266666666666667,0.00039015745278447866,0.0,0.0,0.0,0.0,0.0,0.03759509697556496,0.0,0.0,0.0,0.0,0.0,0.0,0.03884522616863251,0.0,0.010521020740270615,0.012390091083943844,0.024891814216971397,0.020818930119276047,0.02605242095887661,0.0,0.0031156425829976797,0.0,0.07288257032632828,0.08078649640083313,0.011488907039165497,0.011103125289082527,0.09449063241481781,0.09908682852983475,0.01730676367878914,0.01891135796904564,0.11972523480653763,0.07460473477840424,0.029453426599502563,0.004931061994284391,0.036216046661138535,0.03444414213299751,0.1311200112104416,0.13695888221263885,0.115814708173275,0.11524808406829834,0.002232078928500414,0.0,0.10146385431289673,0.32113906741142273,0.32660096883773804,0.0,0.011003190651535988,0.01169926580041647,0.0,0.0,0.0,0.0,0.0,0.0
309,10.3,0.0007152121397666633,0.0,0.0,0.0,0.0,0.0,0.032311055809259415,0.0,0.0,0.0,0.0,0.0,0.0,0.03326309844851494,0.007289513014256954,0.007391724269837141,0.01448159571737051,0.12929563224315643,0.010012946091592312,0.06331270933151245,0.0,0.0017831471050158143,0.0,0.07094553858041763,0.07436820864677429,0.005676493514329195,0.004591591190546751,0.08474013209342957,0.08714408427476883,0.018921449780464172,0.019600192084908485,0.06928219646215439,0.05974629893898964,0.0,0.009118426591157913,0.0,0.0016426645452156663,0.17734506726264954,0.18309979140758514,0.1300327032804489,0.1233818531036377,0.01261623203754425,0.00995229184627533,0.0898866355419159,0.28114694356918335,0.2857022285461426,0.0028182172682136297,0.014635653235018253,0.012419427745044231,0.002401660894975066,0.0014473166083917022,0.0,0.0,0.0,0.0
310,10.333333333333334,7.221575651783496e-05,0.0,0.0,0.0,0.0,0.0,0.027727598324418068,0.0,0.0,0.0,0.0,0.0,0.0,0.02833259105682373,0.032195694744586945,0.009470365010201931,0.014510849490761757,0.33142685890197754,0.07212565839290619,0.06899859011173248,0.0,0.0009570358670316637,0.0,0.0623074434697628,0.06313183158636093,0.01852024905383587,0.019545800983905792,0.06979899853467941,0.06971016526222229,0.01876945234835148,0.018794076517224312,0.0024224738590419292,0.0329463854432106,0.0,0.008306733332574368,0.0,0.0,0.21153981983661652,0.2168247252702713,0.12160879373550415,0.10848094522953033,0.023628123104572296,0.021671734750270844,0.07897099107503891,0.23960670828819275,0.2426396906375885,0.009213145822286606,0.00470704585313797,0.0,0.002833109814673662,0.0,0.0,0.0,0.0,0.0
311,10.366666666666667,0.0,0.0,0.0,0.0,0.0,0.0,0.024006597697734833,0.0,0.0,0.0,0.0,0.0,0.0,0.024334494024515152,0.04805586859583855,0.015964506193995476,0.0137692391872406,0.5244519710540771,0.1718633472919464,0.10860306024551392,0.0,0.0005391947343014181,0.0,0.03970164805650711,0.041341859847307205,0.046043265610933304,0.04896743223071098,0.048231203109025955,0.04700421541929245,0.014368864707648754,0.014447550289332867,0.0,0.0068615204654634,0.0,0.004957354161888361,0.0,0.0,0.2126559466123581,0.2187795490026474,0.08161529153585434,0.06751298904418945,0.031666696071624756,0.0302654430270195,0.07176433503627777,0.2025657594203949,0.20462553203105927,0.020379221066832542,0.0009979739552363753,0.0,0.00043000420555472374,0.0,0.0,0.0,0.0,0.0
312,10.4,0.0,0.0,0.0,0.0,0.0,0.0,0.02170165628194809,0.0,0.0,0.0,0.0,0.0,0.0,0.021890608593821526,0.04808761551976204,0.01991322636604309,0.014413482509553432,0.5943561792373657,0.277247816324234,0.1774028241634369,0.008302660658955574,0.0,0.0,0.003491455689072609,0.009522506967186928,0.07227963209152222,0.07436486333608627,0.03319687023758888,0.03629065677523613,0.005860909353941679,0.006683422718197107,0.0,0.0,0.0,0.0061524431221187115,0.002377513563260436,0.0,0.17940057814121246,0.1866227239370346,0.022996513172984123,0.013356934301555157,0.03526267409324646,0.03438860550522804,0.07164886593818665,0.17214500904083252,0.17323556542396545,0.02674618363380432,0.0,0.0,0.0,0.0,0.0,0.0,0.0,0.0
313,10.433333333333334,0.0,0.0,0.0,0.0,0.0,0.0,0.02046564221382141,0.0,0.0,0.0,0.0,0.0,0.0,0.020650068297982216,0.038738079369068146,0.0217310581356287,0.016550550237298012,0.5537185072898865,0.3521273732185364,0.20646823942661285,0.05500425770878792,0.0,0.0,0.0,0.009220282547175884,0.08422829955816269,0.08801155537366867,0.03296223282814026,0.03885260596871376,0.0,0.0013493120204657316,0.0,0.0,0.0,0.010806724429130554,0.031597718596458435,0.02751745842397213,0.12909112870693207,0.1350557506084442,0.0008187443017959595,0.0,0.03658293932676315,0.03607607260346413,0.07173851132392883,0.14745980501174927,0.14806385338306427,0.02372393012046814,0.0,0.0,0.0,0.0,0.0,0.0,0.0,0.0
314,10.466666666666667,0.0,0.0,0.0,0.0,0.0,0.0,0.020118432119488716,0.0,0.0,0.0,0.0,0.0,0.0,0.020377792418003082,0.028995774686336517,0.021639203652739525,0.017554504796862602,0.3516898453235626,0.4232080280780792,0.1219375878572464,0.14695210754871368,0.0,0.0005081426352262497,0.0,0.012837106361985207,0.07724633812904358,0.08071734011173248,0.03811723366379738,0.045576684176921844,0.0,0.0014541283017024398,0.013968633487820625,0.001871070940978825,0.01451689563691616,0.011328332126140594,0.08570552617311478,0.0789351761341095,0.05093464255332947,0.05325701832771301,0.0,0.0,0.03511730208992958,0.03452618420124054,0.07139542698860168,0.1304435431957245,0.13143955171108246,0.014700278639793396,0.0,0.0,0.0,0.0,0.0,0.0,0.0,0.0
315,10.5,0.0,0.0,0.0,0.0,0.0,0.0,0.020020248368382454,0.0,0.0,0.0,0.0,0.0,0.0,0.02043670043349266,0.006396712269634008,0.023257596418261528,0.016989795491099358,0.18148328363895416,0.42598843574523926,0.05858998000621796,0.270824134349823,0.0,0.001493730815127492,0.0,0.013424987904727459,0.06660684198141098,0.07102897763252258,0.03746237978339195,0.04325174167752266,0.0,0.0012978503946214914,0.02055526152253151,0.0,0.0256264116615057,0.018863197416067123,0.1305093765258789,0.12060476839542389,0.0,0.0,0.0,0.0011289139511063695,0.031879257410764694,0.03098176047205925,0.07220394909381866,0.11806616187095642,0.11979034543037415,0.009443963877856731,0.0,0.0,0.0,0.0,0.0,0.0,0.0,0.0
316,10.533333333333333,0.0,0.0,0.0,0.0,0.0,0.0,0.019480785354971886,0.0,0.0,0.0,0.0,0.0,0.0,0.02000097744166851,0.0,0.021656583994627,0.01574336364865303,0.13260947167873383,0.3929252028465271,0.029121158644557,0.324785977602005,0.0,0.002346734283491969,0.0,0.012549798004329205,0.05200319364666939,0.05786759406328201,0.04110647365450859,0.04524899646639824,0.0,0.0012082495959475636,0.023640703409910202,0.0,0.010571422055363655,0.029766608029603958,0.14701886475086212,0.13818316161632538,0.0,0.0,0.0,0.0004916973412036896,0.028015363961458206,0.027064792811870575,0.06837890297174454,0.11135929822921753,0.11336478590965271,0.003905311692506075,0.0,0.0,0.0,0.0,0.0,0.0,0.0,0.0
317,10.566666666666666,0.00018235853349324316,0.0,0.0,0.0,0.0,0.0,0.018370535224676132,0.0,0.0,0.0,0.0,0.0,0.0,0.01894596591591835,0.0,0.02085685543715954,0.011863086372613907,0.1117638498544693,0.3250639736652374,0.08695770800113678,0.2986902594566345,0.0,0.0033611019607633352,0.0,0.008716321550309658,0.03159377723932266,0.03358248993754387,0.04881226643919945,0.053972624242305756,0.0,0.0010923704830929637,0.0,0.003870704211294651,0.0,0.03455480560660362,0.13353751599788666,0.13019539415836334,0.00883548054844141,0.006870042532682419,0.0003958761226385832,0.0027922329027205706,0.028132859617471695,0.027276381850242615,0.05817847326397896,0.10250706970691681,0.104456827044487,0.0030617527663707733,0.0,0.0,0.0,0.0,0.0,0.0,0.0,0.0
318,10.6,0.0004784981138072908,0.0,0.0,0.0,0.0,0.0,0.015944503247737885,0.0,0.0,0.0,0.0,0.0,0.0,0.01648274064064026,0.017200853675603867,0.018152231350541115,0.010430973023176193,0.1370643526315689,0.26311278343200684,0.17358411848545074,0.17502108216285706,0.0,0.002529928693547845,0.0,0.005757391918450594,0.014527156949043274,0.012072606943547726,0.05793051794171333,0.06548234820365906,4.4932228774996474e-05,0.0010519748320803046,0.0,0.02026517689228058,0.0,0.03618765249848366,0.10132497549057007,0.10303045809268951,0.04447398707270622,0.0430540107190609,0.00843773316591978,0.011210516095161438,0.03066466934978962,0.0299635361880064,0.04582254961133003,0.0910378023982048,0.09260457754135132,0.003950546961277723,0.014169608242809772,0.015249148942530155,0.0,0.000152936831000261,0.0,0.0,0.0,0.0
319,10.633333333333333,0.000654625880997628,0.0,0.0,0.0,0.0,0.0,0.01259011123329401,0.0,0.0,0.0,0.0,0.0,0.0,0.013006951659917831,0.040405672043561935,0.016369042918086052,0.009857804514467716,0.15880830585956573,0.19674843549728394,0.28215980529785156,0.08360978960990906,5.094068546895869e-05,0.0,0.0,0.001599585055373609,0.009436304681003094,0.00526625569909811,0.05922653153538704,0.06702176481485367,0.0004998715012334287,0.0009244978427886963,0.0,0.025298845022916794,0.0,0.0355166420340538,0.06551007181406021,0.07202745229005814,0.0744255855679512,0.07499231398105621,0.02533601224422455,0.024109652265906334,0.03245808184146881,0.03180114924907684,0.03321319818496704,0.08162911981344223,0.08307795971632004,0.007315195631235838,0.02170557901263237,0.021628087386488914,0.0,0.0,0.0,0.0,0.0,0.0
320,10.666666666666666,0.0017168289050459862,0.0,0.0,0.0,0.0,0.0,0.00959919486194849,0.0011220253072679043,0.0,0.0,0.0,0.0,0.0,0.009654717519879341,0.06243346631526947,0.013282492756843567,0.012598276138305664,0.18739289045333862,0.15182527899742126,0.32620835304260254,0.0,0.0014642853057011962,0.0,0.009818976745009422,0.008611421100795269,0.015181319788098335,0.009886625222861767,0.06150241196155548,0.06904835999011993,0.0034973900765180588,0.0034251257311552763,0.0,0.019792042672634125,0.0,0.035433124750852585,0.025363290682435036,0.0354059562087059,0.10896817594766617,0.111496202647686,0.05797718092799187,0.05315062031149864,0.043182481080293655,0.043267250061035156,0.01024191826581955,0.05988038703799248,0.05985467880964279,0.0021951317321509123,0.03422015532851219,0.032754622399806976,0.0008711040136404335,0.0,0.0,0.0,0.0,0.0
321,10.7,0.004655218683183193,0.0,0.0,0.0,0.0,0.002499783644452691,0.00678652711212635,0.004234957974404097,0.0,0.0,0.0,0.0,0.0,0.006527774967253208,0.06675685942173004,0.01240172516554594,0.01411916222423315,0.19485224783420563,0.15024834871292114,0.4233488142490387,0.0,0.0017275832360610366,0.0,0.010329673066735268,0.009333272464573383,0.019084561616182327,0.015721619129180908,0.061437107622623444,0.06746068596839905,0.004124339669942856,0.0038356855511665344,0.0,0.012607489712536335,0.0,0.038655515760183334,0.010486489161849022,0.01891644485294819,0.14453671872615814,0.14673766493797302,0.07919865101575851,0.06931372731924057,0.05809871852397919,0.05930241197347641,0.0,0.0361102856695652,0.03423966467380524,0.003245897591114044,0.04446418955922127,0.03859902545809746,0.004314338322728872,0.00012690348376054317,0.0,0.0,0.0,0.0
322,10.733333333333333,0.007086487952619791,0.0,0.0,0.0,0.0,0.007296874187886715,0.005157518200576305,0.006608855910599232,0.0,0.0,0.0,0.0,0.0,0.004770323168486357,0.04941877722740173,0.016763996332883835,0.01267531793564558,0.12661033868789673,0.18106336891651154,0.5417537093162537,0.0790785402059555,0.0024688562843948603,0.0,0.0,0.0010892306454479694,0.028704887256026268,0.03135669231414795,0.04836532473564148,0.04979347810149193,0.00036556151462718844,0.00016106601106002927,0.0,0.011235393583774567,0.00023922283435240388,0.03298073634505272,0.023739565163850784,0.026152128353714943,0.13627853989601135,0.13565044105052948,0.06663282960653305,0.0539071150124073,0.0702253207564354,0.07198251783847809,0.0,0.017322994768619537,0.014444067142903805,0.009911618195474148,0.03531733527779579,0.025644144043326378,0.0057227034121751785,0.0,0.0,0.0,0.0,0.0
323,10.766666666666667,0.0074829538352787495,0.0,0.0,0.0,0.0,0.01473998837172985,0.00545041449368,0.0068837362341582775,0.0,0.0,0.0,0.0,0.0012526214122772217,0.00501781702041626,0.022507211193442345,0.02286696434020996,0.010079680010676384,0.07090625166893005,0.19488415122032166,0.6118371486663818,0.18853096663951874,0.0011989412596449256,0.0,0.0,0.0024623009376227856,0.042044226080179214,0.04977945610880852,0.03041984885931015,0.028406696394085884,0.0,0.0,0.0,0.004427510313689709,0.0020652320235967636,0.027237022295594215,0.03355250880122185,0.03139159455895424,0.09822909533977509,0.09658332169055939,0.05108819156885147,0.03872130811214447,0.07840879261493683,0.08034716546535492,0.0,0.0032226028852164745,0.0,0.011996361427009106,0.01798398606479168,0.007436926476657391,0.006481650751084089,0.0,0.0,0.0,0.0,0.0
324,10.8,0.007565665990114212,0.0,0.0,0.0,0.0,0.024867210537195206,0.006299967411905527,0.006991237867623568,0.0,0.0,0.0,0.0,0.00694865919649601,0.005816514603793621,0.0,0.023518487811088562,0.008045676164329052,0.061815373599529266,0.19250226020812988,0.6021637916564941,0.25659307837486267,0.0014911518665030599,0.0,0.0005874984781257808,0.005634679924696684,0.04753607511520386,0.05738552287220955,0.02029654197394848,0.017255786806344986,0.0,0.0002116889227181673,0.00030342908576130867,0.0,0.00010899401968345046,0.025515785440802574,0.032847244292497635,0.029976019635796547,0.062335338443517685,0.060221850872039795,0.05489334464073181,0.046981777995824814,0.09207622706890106,0.09425114095211029,0.0,0.0014699662569910288,0.0,0.003527518827468157,0.01146720815449953,0.002885307651013136,0.007187464740127325,0.0,0.0,0.0,0.0,0.0
325,10.833333333333334,0.00560411810874939,0.0,0.0,0.0,0.0,0.031570788472890854,0.008039576932787895,0.00501609593629837,0.0,0.0,0.0,0.0,0.006960875354707241,0.007560949772596359,0.0,0.02481512911617756,0.006769982166588306,0.04663366079330444,0.1906982809305191,0.5840094685554504,0.3496052026748657,0.0,0.0,0.0,0.0074163335375487804,0.059300363063812256,0.06978073716163635,0.005451668985188007,0.003336128778755665,0.0,0.0004362829204183072,0.011676277965307236,0.0,0.018659859895706177,0.03335690498352051,0.040746890008449554,0.03728535771369934,0.009401733055710793,0.006336488761007786,0.03562549874186516,0.03410879150032997,0.10017935186624527,0.10210274159908295,0.0,0.001164332847110927,0.0,0.0,0.004196780733764172,0.0,0.004424005281180143,0.0,0.0,0.0,0.0,0.0
326,10.866666666666667,0.003489915980026126,0.0,0.0,0.0,0.0,0.038215506821870804,0.010003624483942986,0.0030018757097423077,0.0,0.0,0.0,0.0,0.006068684626370668,0.0094921188428998,0.0,0.026860376819968224,0.008908405900001526,0.05223213508725166,0.1688442826271057,0.5597968101501465,0.4013778269290924,0.0,0.0,0.0,0.00972660630941391,0.0738447830080986,0.08592372387647629,0.00011400140647310764,0.0,0.0,0.0005970928468741477,0.0,0.0,0.024963892996311188,0.04598056524991989,0.04845039173960686,0.043151505291461945,0.0,0.0,0.026386354118585587,0.02764192782342434,0.10495742410421371,0.10681643337011337,0.0,0.0013803456677123904,0.0,0.0,0.0033219102770090103,0.0,0.003903941484168172,0.0,0.0,0.0,0.0,0.0
327,10.9,0.0031253485940396786,0.0,0.0,0.0,0.0,0.04762699827551842,0.01167352870106697,0.0028507020324468613,0.0,0.0,0.0,0.0,0.011577415280044079,0.011091428808867931,0.0,0.029240215197205544,0.013480007648468018,0.04924395680427551,0.1456177830696106,0.5519310832023621,0.3871639370918274,0.0,0.0,0.0,0.01068713329732418,0.079998679459095,0.08991644531488419,0.0,0.0,0.0,0.0008666018256917596,0.0,0.0011337234172970057,0.0,0.050904035568237305,0.04846467822790146,0.0453515462577343,0.0,0.0,0.0257512666285038,0.02824540250003338,0.11025046557188034,0.11233525723218918,0.0,0.0017240284942090511,0.0,0.0014424530090764165,0.004372709430754185,0.0,0.0037568446714431047,0.0,0.0,0.0,0.0,0.0
328,10.933333333333334,0.0040850588120520115,0.0,0.0,0.0,0.0,0.05566805601119995,0.012388230301439762,0.0039119417779147625,0.0,0.0,0.0,0.0,0.017396846786141396,0.011760175228118896,0.0,0.028486600145697594,0.01802131161093712,0.0427238754928112,0.11736002564430237,0.558394193649292,0.31944411993026733,0.0,0.0008861350943334401,0.0,0.010158898308873177,0.06568276882171631,0.07178452610969543,0.0,0.0022708007600158453,0.0,0.0010721685830503702,0.0,0.011905292049050331,0.0,0.0506199412047863,0.04270971566438675,0.04553307592868805,0.0,0.0,0.024323690682649612,0.026710689067840576,0.11788419634103775,0.12016499042510986,0.0,0.0018753892509266734,0.0,0.0007507535628974438,0.022213399410247803,0.018238335847854614,0.003974974155426025,0.0,0.0,0.0,0.0,0.0
329,10.966666666666667,0.004071062430739403,0.0,0.0,0.0,0.0,0.06102386862039566,0.012980160303413868,0.004066020250320435,0.0,0.0,0.0,0.0,0.020101208239793777,0.012288413010537624,0.006638575345277786,0.030069032683968544,0.020866453647613525,0.04502125084400177,0.10574372857809067,0.6040028929710388,0.2890467047691345,0.0,0.0,0.0,0.006429587956517935,0.05492062121629715,0.06079065799713135,0.0,0.00033156719291582704,0.0,0.0004251760838087648,0.0,0.022980403155088425,0.0,0.045017585158348083,0.03373385965824127,0.038519199937582016,0.0022127185948193073,0.0,0.011723947711288929,0.009775275364518166,0.12382738292217255,0.1262413114309311,0.0,0.0023223808966577053,0.0,0.0063488236628472805,0.03429924696683884,0.02800004370510578,0.005027940031141043,0.0,0.0,0.0,0.0,0.0
330,11.0,0.004961111582815647,0.0,0.0,0.0,0.0,0.0658729076385498,0.013073474168777466,0.004947700072079897,0.0,0.0,0.0,0.0,0.0241159088909626,0.012355116195976734,0.003736040787771344,0.030223825946450233,0.02375277690589428,0.00605656998232007,0.08544322848320007,0.625306248664856,0.2043570876121521,0.0,0.0,0.005181515123695135,0.007308944594115019,0.039371442049741745,0.042498331516981125,0.0,0.0022337192203849554,6.236982153495774e-05,0.0,0.0,0.032487984746694565,0.0,0.036274705082178116,0.02496173605322838,0.03667227923870087,0.0042269243858754635,0.0,0.015274189412593842,0.00918325874954462,0.13261716067790985,0.13524487614631653,0.0,0.002349170856177807,0.0,0.004222279880195856,0.05388948321342468,0.04736323282122612,0.007564468774944544,0.0010018892353400588,0.0,0.0,0.0,0.0
331,11.033333333333333,0.004775016102939844,0.0,0.0,0.0,0.0,0.06882081925868988,0.013383036479353905,0.004783180542290211,0.0,0.0,0.0,0.0,0.0270797461271286,0.012672839686274529,0.007403722498565912,0.03216789662837982,0.02454611100256443,0.004445703234523535,0.08659233897924423,0.6652972102165222,0.13725769519805908,0.0,0.0,0.012316253036260605,0.010463418439030647,0.03137893229722977,0.032741617411375046,0.0,0.0022633718326687813,0.0006764784338884056,0.0,0.0,0.03551742807030678,0.0,0.030283138155937195,0.013551885262131691,0.027832502499222755,0.01704447530210018,0.01261920016258955,0.018842970952391624,0.010108575224876404,0.1399596780538559,0.1427789032459259,0.0,0.0027056876569986343,0.0,0.004084978252649307,0.06544516235589981,0.058865055441856384,0.006571681704372168,0.0,0.0,0.0,0.0,0.0
332,11.066666666666666,0.0019006547518074512,0.0,0.0,0.0,0.0,0.0719110518693924,0.015161024406552315,0.001813284121453762,0.0,0.0,0.0,0.0,0.028490718454122543,0.014489062130451202,0.021967904642224312,0.037255968898534775,0.025050455704331398,0.003172531258314848,0.0977424755692482,0.751350998878479,0.1639016568660736,0.000870516465511173,0.0,0.005579511169344187,0.001258324133232236,0.040143948048353195,0.04444895312190056,0.000586413312703371,0.0,0.0009370502084493637,0.0,0.0,0.024058861657977104,0.0,0.023754829540848732,0.005306848790496588,0.017513243481516838,0.01523397583514452,0.009998255409300327,0.010975134558975697,0.0,0.14125950634479523,0.14384238421916962,0.0,0.0028891447000205517,0.0,0.011731470003724098,0.0547802560031414,0.046072669327259064,0.006261893548071384,0.0,0.0,0.0,0.0,0.0
333,11.1,0.0001470302086090669,0.0,0.0,0.0,0.0,0.07584334909915924,0.016983147710561752,0.0,0.0,0.0,0.0,0.0,0.03083837777376175,0.016358792781829834,0.019470488652586937,0.0399225652217865,0.026668185368180275,0.0,0.09538070112466812,0.7375969886779785,0.19827450811862946,0.0019313963130116463,0.0,0.003290837397798896,0.0,0.05108879134058952,0.05658217892050743,0.0020654562395066023,0.0,0.0007463069050572813,0.0,0.0,0.020933758467435837,0.03258447349071503,0.014221101999282837,0.023395774886012077,0.033904656767845154,0.00352628156542778,0.0,0.006312043406069279,0.0,0.1410997211933136,0.1434074193239212,0.0,0.0028602820821106434,0.0,0.011863390915095806,0.03685345873236656,0.028974458575248718,0.004685127642005682,0.0,0.0,0.0,0.0,0.0
334,11.133333333333333,1.3835982827004045e-05,0.0,0.0,0.0,0.0,0.08020201325416565,0.018705960363149643,0.0,0.0,0.0,0.0,0.0,0.03478667512536049,0.018101494759321213,0.01094772294163704,0.039160456508398056,0.02826210856437683,0.0,0.06341340392827988,0.6623098254203796,0.2415502965450287,0.0027857867535203695,0.0,0.0014009331353008747,0.0,0.05575745180249214,0.061480529606342316,0.0015491106314584613,0.0,0.0003387060423847288,0.0,0.004674848634749651,0.022969553247094154,0.06509985774755478,0.010825665667653084,0.03844410926103592,0.04765257239341736,8.294200961245224e-05,0.0,0.006513393018394709,0.0034339854028075933,0.14047658443450928,0.14260312914848328,0.0,0.002811429323628545,0.0,0.007023367565125227,0.027136050164699554,0.021072406321763992,0.004329718183726072,0.0,0.0,0.0,0.0,0.0
335,11.166666666666666,0.0,0.0,0.0,0.0,0.0,0.08409399539232254,0.02100011520087719,0.0,0.0,0.0,0.0,0.0,0.039665549993515015,0.020480673760175705,0.014999143779277802,0.03799348697066307,0.02712085284292698,0.0,0.009822971187531948,0.5097050070762634,0.357574999332428,0.002283757319673896,0.0,0.0,0.0013202134286984801,0.0570712648332119,0.061958055943250656,0.0,0.0,0.0,0.0,0.013523442670702934,0.027752086520195007,0.10440134257078171,0.009808262810111046,0.05774028226733208,0.0648081824183464,0.0,0.0,0.018496198579669,0.022627167403697968,0.13725022971630096,0.13904333114624023,0.0,0.002627699403092265,0.0,0.003339318325743079,0.016857147216796875,0.014098569750785828,0.0030440962873399258,0.0,0.0,0.0,0.0,0.0
336,11.2,9.195877646561712e-05,0.0,0.0,0.0,0.0,0.08495889604091644,0.022397750988602638,0.0,0.0,0.0,0.0,0.0,0.04113404452800751,0.02190464548766613,0.042795296758413315,0.03889737278223038,0.027141345664858818,0.0,0.0,0.4131937325000763,0.4142509400844574,0.0025960542261600494,0.0,0.0,0.0,0.033548686653375626,0.0401034876704216,0.005787900649011135,0.0,2.1988992102706106e-06,0.0,0.01604573242366314,0.010302344337105751,0.2089555859565735,0.01721245050430298,0.07347676903009415,0.08099444210529327,0.0007642651908099651,0.0,0.05358320102095604,0.06347407400608063,0.13408158719539642,0.13556285202503204,0.0,0.00203432678245008,0.0,0.0,0.01753995195031166,0.016800323501229286,0.010703257285058498,0.010092812590301037,0.0,0.0,0.0,0.0
337,11.233333333333333,0.0005374847678467631,0.0,0.0,0.0,0.0,0.08484485745429993,0.02169577032327652,5.3191964980214834e-05,0.0,0.0,0.0,0.0,0.0418020598590374,0.02116514928638935,0.05244402587413788,0.03961633890867233,0.026385679841041565,0.0,0.0,0.36790841817855835,0.37605583667755127,0.0032457609195262194,0.0,0.0002509885816834867,0.0,0.0027869553305208683,0.010003608651459217,0.015230206772685051,0.004889641888439655,0.0004401729383971542,0.0,0.004236143082380295,0.0,0.29114997386932373,0.025119274854660034,0.06883186101913452,0.07543030381202698,0.007024634163826704,0.0,0.1001354455947876,0.11285772174596786,0.1336067020893097,0.1348397135734558,0.0,0.0011736010201275349,0.0,0.0,0.02727111056447029,0.027928296476602554,0.022988202050328255,0.024479437619447708,0.0,0.0,0.0,0.0
338,11.266666666666667,0.0015935208648443222,0.0,0.0,0.0,0.0,0.08471798151731491,0.020845718681812286,0.0012135134311392903,0.0,0.0,0.0,0.0,0.04382191598415375,0.020254336297512054,0.03499222919344902,0.036942023783922195,0.02511332929134369,0.0,0.0,0.30621999502182007,0.2904997169971466,0.0013225933071225882,0.0011066951556131244,0.003637299407273531,0.003660351736471057,0.0,0.0020566661842167377,0.009864394553005695,0.00483822962269187,0.002681043231859803,0.0027022678405046463,0.0,0.0,0.23398874700069427,0.02146928943693638,0.03561459109187126,0.0415208637714386,0.0073750317096710205,0.0,0.1267462819814682,0.13752585649490356,0.13388681411743164,0.13509640097618103,0.0,0.0010386928915977478,0.0,0.0,0.04093616455793381,0.042561959475278854,0.03293712064623833,0.03491207957267761,0.0,0.0,0.0,0.0
339,11.3,0.003913848195225,0.0,0.0,0.0,0.0,0.08539019525051117,0.01938767172396183,0.0037111376877874136,0.0,0.0,0.0,0.0,0.04693462699651718,0.018746251240372658,0.01697666570544243,0.03344475105404854,0.022317444905638695,0.04329529404640198,0.0,0.26760855317115784,0.16159072518348694,9.981424227589741e-05,0.0028696865774691105,0.019144875928759575,0.01939273625612259,0.0,0.0,0.0029071758035570383,0.0040813894011080265,0.006468243431299925,0.006775621324777603,0.0,0.011793898418545723,0.1181424930691719,0.013385570608079433,0.0,0.005877099931240082,0.0387611910700798,0.03503548726439476,0.1439226269721985,0.15198928117752075,0.1370798796415329,0.13843585550785065,0.0,0.0007776055717840791,0.0,0.0,0.06166057288646698,0.06381650269031525,0.043916892260313034,0.04687316343188286,0.0,0.0,0.0,0.0
340,11.333333333333334,0.005360288079828024,0.0,0.0,0.0,0.0,0.08569442480802536,0.018068967387080193,0.005423958413302898,0.0,0.0,0.0,0.0,0.04790844768285751,0.01732434704899788,0.016141029074788094,0.0282676313072443,0.021657155826687813,0.10553032904863358,0.0,0.3004855215549469,0.06769508123397827,0.0008853214094415307,0.003511214628815651,0.02482871152460575,0.024817511439323425,0.0003365727316122502,0.0,0.0012459715362638235,0.004687178414314985,0.008914699777960777,0.009144192561507225,0.0,0.016736304387450218,0.01770005375146866,0.005584977567195892,0.0,0.0038615025114268064,0.08885003626346588,0.08835641294717789,0.15338294208049774,0.1554950624704361,0.1401500552892685,0.14172513782978058,0.0,0.0010831020772457123,0.0,0.0,0.07716793566942215,0.0764707401394844,0.051381856203079224,0.05226052924990654,0.0,0.0,0.0,0.0
341,11.366666666666667,0.006512319203466177,0.0,0.0,0.0,0.0,0.08579490333795547,0.016587432473897934,0.006839988753199577,0.0,0.0,0.0,0.0,0.04880977421998978,0.015746483579277992,0.024562835693359375,0.021922536194324493,0.02040582150220871,0.1672254204750061,0.0,0.29849568009376526,0.0,0.0020635405089706182,0.0037587867118418217,0.02737339772284031,0.02813083492219448,0.004905312322080135,0.002926670713350177,0.0013248432660475373,0.006722789257764816,0.010884921997785568,0.011174182407557964,0.0,0.018399575725197792,0.0,0.0,0.0,0.004143446683883667,0.1291223168373108,0.1304645538330078,0.16363611817359924,0.16397014260292053,0.1461576372385025,0.1479422152042389,0.0,0.0011007776483893394,0.0,0.0,0.07548121362924576,0.07387200742959976,0.0542212538421154,0.05403832346200943,0.0,0.0,0.0,0.0
342,11.4,0.0069979215040802956,0.0,0.0,0.0,0.0,0.08534658700227737,0.015146981924772263,0.007491082884371281,0.0,0.0,0.0,0.0,0.04899054765701294,0.014253932051360607,0.03134274482727051,0.016522711142897606,0.01775352470576763,0.2169714868068695,0.005236642435193062,0.26292896270751953,0.0,0.002300912281498313,0.0029876776970922947,0.028574494644999504,0.029854876920580864,0.01126419473439455,0.010008987970650196,0.004173854365944862,0.009728212840855122,0.013020388782024384,0.013294664211571217,0.0,0.01850290037691593,0.0,0.0,0.0,0.004340212792158127,0.16664396226406097,0.16846467554569244,0.1747925579547882,0.17338794469833374,0.15197880566120148,0.1539497971534729,0.0,0.0012939978623762727,0.0,0.0,0.06922058016061783,0.06682544946670532,0.05742647126317024,0.05568821355700493,0.0,0.0,0.0,0.0
343,11.433333333333334,0.007154708728194237,0.0,0.0,0.0,0.0,0.08519981801509857,0.014210602268576622,0.00772067392244935,0.0,0.0,0.0,0.0,0.0484505333006382,0.013280189596116543,0.02321646176278591,0.014589044265449047,0.013860511593520641,0.24321816861629486,0.07296795397996902,0.30362191796302795,0.05388601869344711,0.0007343275938183069,0.0,0.01110070664435625,0.014636443927884102,0.02301800437271595,0.02620694600045681,0.0002911446208599955,0.0027985204942524433,0.010082880966365337,0.01039659883826971,0.0025250138714909554,0.01671357825398445,0.0,0.0,0.0,0.001305003184825182,0.17660459876060486,0.1767924427986145,0.16143421828746796,0.15672361850738525,0.15756988525390625,0.15996801853179932,0.0,0.001977454638108611,0.0,0.0,0.05079201981425285,0.04499712958931923,0.04709361493587494,0.04149692505598068,0.0,0.0,0.0,0.0
344,11.466666666666667,0.006877679377794266,0.0,0.0,0.0,0.0,0.08549699932336807,0.013815577141940594,0.007324375677853823,0.0,0.0,0.0,0.0,0.047920774668455124,0.012927457690238953,0.007284392137080431,0.016601979732513428,0.011195271275937557,0.223332017660141,0.1380360871553421,0.3597766160964966,0.11742142587900162,0.00010488874977454543,0.0,0.0,0.004250445868819952,0.03975517302751541,0.04738287627696991,0.0013641403056681156,0.0,0.006405066233128309,0.006589245051145554,0.006907195784151554,0.010534626431763172,0.0,0.0005546854226849973,0.006430954672396183,0.004079829901456833,0.16882425546646118,0.167099267244339,0.144737109541893,0.13696807622909546,0.16342352330684662,0.1661190241575241,0.0,0.002307180780917406,0.0,0.0,0.02694033272564411,0.01813027262687683,0.028077825903892517,0.019291795790195465,0.0,0.0,0.0,0.0
345,11.5,0.005967516452074051,0.0,0.0,0.0,0.0,0.0868208259344101,0.0139322429895401,0.006161921191960573,0.0,0.0,0.0,0.0,0.04756195470690727,0.013150081969797611,0.0,0.018205560743808746,0.010241708718240261,0.1835385113954544,0.17529287934303284,0.4140879213809967,0.17842033505439758,0.0,0.0,0.0,0.005059087183326483,0.05170243978500366,0.06118835136294365,0.0027165901847183704,0.0007904264493845403,0.002543213777244091,0.0029132708441466093,0.008371894247829914,0.0025423476472496986,0.005614460911601782,0.005906702019274235,0.017618384212255478,0.014141184277832508,0.1470881849527359,0.1436464637517929,0.12549671530723572,0.11912816762924194,0.1665326952934265,0.1692119687795639,0.0,0.0026600193232297897,0.0,0.0,0.008695011027157307,0.0,0.009893510490655899,0.0007663885480724275,0.0,0.0,0.0,0.0
346,11.533333333333333,0.005022925324738026,0.0,0.0,0.0,0.0,0.08641953766345978,0.014059601351618767,0.005119974259287119,0.0,0.0,0.0,0.0,0.04370277747511864,0.013323737308382988,0.0,0.01919281668961048,0.008969317190349102,0.14781157672405243,0.19590438902378082,0.42501598596572876,0.20319989323616028,0.0,0.0,0.0007484022644348443,0.0061987098306417465,0.057698387652635574,0.06760471314191818,0.010253815911710262,0.007638598792254925,0.0010490481508895755,0.0013717368710786104,0.018194779753684998,0.0,0.026358289644122124,0.0107729472219944,0.02187747322022915,0.01837105304002762,0.12265773862600327,0.1178063303232193,0.10819723457098007,0.1026187464594841,0.16597093641757965,0.16849873960018158,0.0,0.0027968171052634716,0.0,0.0,0.006207519210875034,0.0,0.006798542570322752,0.0,0.0,0.0,0.0,0.0
347,11.566666666666666,0.0046705747954547405,0.0,0.0,0.0,0.0,0.08745037019252777,0.014410302974283695,0.004841516725718975,0.0,0.0,0.0,0.0,0.04279530793428421,0.013651175424456596,0.0,0.019289884716272354,0.007431257050484419,0.1068037822842598,0.19478094577789307,0.39646676182746887,0.24567805230617523,0.0,0.0,0.005948785692453384,0.010303106158971786,0.05675162747502327,0.06573884934186935,0.013363994657993317,0.010096710175275803,0.00027489219792187214,0.0004891359712928534,0.02848380245268345,0.0,0.047837354242801666,0.014514974318444729,0.02254744991660118,0.020060541108250618,0.08716083317995071,0.08069686591625214,0.09324868023395538,0.08982212096452713,0.16816681623458862,0.17079269886016846,0.0,0.002498668385669589,0.0,0.0,0.004679220262914896,0.0,0.0053052897565066814,0.0,0.0,0.0,0.0,0.0
348,11.6,0.004660145845264196,0.0,0.0,0.0,0.0,0.09139043092727661,0.0149890948086977,0.004697607364505529,0.0,0.0,0.0,0.0,0.04696426913142204,0.014271249994635582,0.0,0.017016246914863586,0.0049957879818975925,0.07385317981243134,0.17665576934814453,0.3586069345474243,0.29694637656211853,0.0,0.0,0.015653740614652634,0.02062854915857315,0.04090398922562599,0.050326284021139145,0.021975526586174965,0.017722539603710175,0.001037975656799972,0.0014239010633900762,0.03667508065700531,0.0,0.06471484899520874,0.01542819757014513,0.021643394604325294,0.01811588555574417,0.06194303557276726,0.05453014001250267,0.08522893488407135,0.08318018913269043,0.16793790459632874,0.17049117386341095,0.0,0.002581409178674221,0.0,0.0,0.005984160117805004,0.0007084335666149855,0.0048462324775755405,0.0,0.0,0.0,0.0,0.0
349,11.633333333333333,0.0061964001506567,0.0,0.0,0.0,0.0,0.09406358003616333,0.014630167745053768,0.0063021196983754635,0.0,0.0,0.0,0.0,0.0504351444542408,0.013902949169278145,0.0,0.011421026661992073,0.005929035600274801,0.08217807114124298,0.158635675907135,0.3204723000526428,0.25832846760749817,0.0,0.0,0.025283247232437134,0.030131695792078972,0.024500271305441856,0.031731341034173965,0.029592234641313553,0.027020661160349846,0.0025911289267241955,0.003035846399143338,0.02476578578352928,0.005035659298300743,0.053208332508802414,0.013147363439202309,0.014313307590782642,0.013238399289548397,0.05506500229239464,0.04675440117716789,0.0802203118801117,0.0805932804942131,0.16736358404159546,0.16987772285938263,0.0,0.002954987809062004,0.0,0.0,0.018291709944605827,0.014706023037433624,0.00488687539473176,0.0018206298118457198,0.0,0.0,0.0,0.0
350,11.666666666666666,0.0071965670213103294,0.0,0.0,0.0,0.0,0.09457364678382874,0.014435963705182076,0.007365069817751646,0.0,0.0,0.0,0.0,0.0515204519033432,0.013710920698940754,0.0,0.009800550527870655,0.00618697376921773,0.11350847035646439,0.16973479092121124,0.33279237151145935,0.25685352087020874,0.0,0.0,0.022687291726469994,0.02656802348792553,0.021228782832622528,0.027030793949961662,0.02496507577598095,0.02239813655614853,0.001731419819407165,0.001986520132049918,0.0,0.008682427927851677,0.026274092495441437,0.010433739982545376,0.011546188034117222,0.01022324524819851,0.04512399062514305,0.03553170710802078,0.06549809128046036,0.06619514524936676,0.16840089857578278,0.17091873288154602,0.0,0.00298328697681427,0.0,0.0,0.024622688069939613,0.02134851925075054,0.0017473899060860276,0.0,0.0,0.0,0.0,0.0
351,11.7,0.00731458468362689,0.0,0.0,0.0,0.0,0.09300295263528824,0.01418442651629448,0.007615039590746164,0.0,0.0,0.0,0.0,0.05099434033036232,0.013464001938700676,0.0,0.010374787263572216,0.007000520825386047,0.20448309183120728,0.1700160652399063,0.36589810252189636,0.1885293871164322,0.0,0.0,0.019638508558273315,0.02112666890025139,0.026058314368128777,0.030024567618966103,0.022180654108524323,0.019678428769111633,0.0016944169765338302,0.001536246738396585,0.0,0.016884110867977142,0.0,0.005943485535681248,0.0,0.0,0.05325119569897652,0.04379716143012047,0.0638854131102562,0.06433849781751633,0.16720420122146606,0.1694859117269516,0.0,0.0030006503220647573,0.0,0.0,0.030867941677570343,0.02829846739768982,0.0007822979241609573,0.0,0.0,0.0,0.0,0.0
352,11.733333333333333,0.006848264951258898,0.0,0.0,0.0,0.0,0.09108684211969376,0.013743852265179157,0.007551857735961676,0.0,0.0,0.0,0.0,0.05158287286758423,0.012900478206574917,0.016221188008785248,0.010732540860772133,0.00656653568148613,0.39985477924346924,0.15298204123973846,0.3549891710281372,0.061212845146656036,0.0020231190137565136,0.0,0.021152842789888382,0.01962401159107685,0.031051013618707657,0.0355943962931633,0.023827645927667618,0.01875089481472969,0.0039896066300570965,0.0033430159091949463,0.0,0.023033197969198227,0.0,0.0,0.0,0.0,0.0793614611029625,0.07161001861095428,0.08037010580301285,0.07696827501058578,0.16551870107650757,0.1677989512681961,0.0,0.0029991776682436466,0.0,0.0,0.04222011938691139,0.03899684175848961,0.00627173250541091,0.0034333120565861464,0.0,0.0,0.0,0.0
353,11.766666666666667,0.004923006519675255,0.0,0.0,0.0,0.0,0.0884782075881958,0.013957953080534935,0.005605062935501337,0.0,0.0,0.0,0.0,0.04994315654039383,0.013109471648931503,0.03956058993935585,0.010963484644889832,0.007420483976602554,0.5026842951774597,0.17013205587863922,0.39736080169677734,0.05903097987174988,0.0021260210778564215,0.0,0.004979544784873724,0.004304456990212202,0.04389413818717003,0.050384070724248886,0.018334927037358284,0.011658170260488987,0.0021776899229735136,0.001562725636176765,0.0,0.025719761848449707,0.0,0.0,0.0,0.0,0.0863342210650444,0.07914666086435318,0.07481967657804489,0.06861549615859985,0.16315631568431854,0.1655796617269516,0.0,0.0031910459510982037,0.0,0.0011110237101092935,0.037469226866960526,0.03187710791826248,0.004616145975887775,0.0,0.0,0.0,0.0,0.0
354,11.8,0.0026556486263871193,0.0,0.0,0.0,0.0,0.08630026131868362,0.014516730792820454,0.0033802706748247147,0.0,0.0,0.0,0.0,0.048190779983997345,0.013645147904753685,0.04670341685414314,0.009864832274615765,0.009212172590196133,0.5510978698730469,0.1899050623178482,0.4068073332309723,0.06047045439481735,0.002742846729233861,0.0,0.0,0.0,0.05340269207954407,0.061518993228673935,0.01848030462861061,0.010577846318483353,0.0007314056274481118,0.0001279194839298725,0.0,0.025378134101629257,0.0,0.0,0.0,0.0,0.0837852880358696,0.07621963322162628,0.07306130230426788,0.0650540217757225,0.15896157920360565,0.16153499484062195,0.0,0.003727557137608528,0.0,0.0,0.029191002249717712,0.0219567958265543,0.006130905356258154,0.0,0.0,0.0,0.0,0.0
355,11.833333333333334,0.0017632473027333617,0.0,0.0,0.0,0.0,0.08557640016078949,0.014552394859492779,0.0026279413141310215,0.0,0.0,0.0,0.0,0.047801993787288666,0.013612359762191772,0.041731011122465134,0.008354772813618183,0.01000902708619833,0.582159698009491,0.19587968289852142,0.3849722445011139,0.020352061837911606,0.004493044223636389,0.0,0.0,0.0019251572666689754,0.05466001108288765,0.06439486145973206,0.02608802355825901,0.01841749995946884,0.0008599506109021604,0.0005131355137564242,0.0,0.020981768146157265,0.0,0.0,0.0,0.0,0.09069430083036423,0.0838203877210617,0.07932723313570023,0.06940098851919174,0.15751905739307404,0.16045983135700226,0.0,0.004207369405776262,0.0,0.0,0.024026427417993546,0.01502988487482071,0.00848229881376028,0.0,0.0,0.0,0.0,0.0
356,11.866666666666667,0.0014994200319051743,0.0,0.0,0.0,0.0,0.08531269431114197,0.014582265168428421,0.0021218438632786274,0.0,0.0,0.0,0.0,0.047016214579343796,0.013719094917178154,0.02778466045856476,0.008558386005461216,0.008726462721824646,0.4749603271484375,0.21134443581104279,0.390919029712677,0.09188979864120483,0.0028301747515797615,0.0,0.0,0.002518705790862441,0.05706940218806267,0.06719713658094406,0.03002796322107315,0.02334636263549328,1.145473106589634e-05,0.0,0.0023607537150382996,0.02063663862645626,0.0,0.0,0.005773938726633787,0.0037391730584204197,0.07908699661493301,0.07086088508367538,0.0735788568854332,0.06477619707584381,0.15611791610717773,0.15889108180999756,0.0,0.0038891504518687725,0.0,0.0,0.010686888359487057,0.001163759850896895,0.008486520498991013,0.0,0.0,0.0,0.0,0.0
357,11.9,0.0024996534921228886,0.0,0.0,0.0,0.0,0.08583108335733414,0.014005344361066818,0.00328608020208776,0.0,0.0,0.0,0.0,0.04817625507712364,0.013084094040095806,0.005986067932099104,0.00870178360491991,0.007008951157331467,0.3977229595184326,0.1928188055753708,0.3207530081272125,0.0329439714550972,0.003190039424225688,0.0,0.007339980453252792,0.011105790734291077,0.04767024517059326,0.056989748030900955,0.044188160449266434,0.03832726180553436,0.001716637285426259,0.0016979704378172755,0.017780223861336708,0.019671335816383362,0.0,0.0,0.0,0.0,0.08157246559858322,0.07370363920927048,0.08908775448799133,0.08112917095422745,0.15698638558387756,0.15991896390914917,0.0,0.0040998272597789764,0.0,0.0,0.009350885637104511,0.00024763704277575016,0.009567840956151485,0.00045104147284291685,0.0,0.0,0.0,0.0
358,11.933333333333334,0.00328298332169652,0.0,0.0,0.0,0.0,0.08670783042907715,0.01375863328576088,0.004043140448629856,0.0,0.0,0.0,0.0,0.0504305437207222,0.012860746122896671,0.0023752597626298666,0.007289092987775803,0.006283964496105909,0.3252626359462738,0.19277165830135345,0.23730188608169556,0.01168917492032051,0.002768845995888114,0.0,0.008537307381629944,0.012166487984359264,0.04075268656015396,0.047564636915922165,0.047827571630477905,0.04337092116475105,0.002203050535172224,0.0022827654611319304,0.02270800620317459,0.02266240492463112,0.0,0.0,0.0,0.00022905760852154344,0.07262895256280899,0.0655832439661026,0.09233434498310089,0.08715355396270752,0.15940304100513458,0.16226743161678314,0.0,0.003913737367838621,0.0,0.0,0.009438923560082912,0.0027003793511539698,0.008565910160541534,0.0018377542728558183,0.0,0.0,0.0,0.0
359,11.966666666666667,0.00413829181343317,0.0,0.0,0.0,0.0,0.0881381630897522,0.013899184763431549,0.004566293675452471,0.0,0.0,0.0,0.0,0.05165677145123482,0.013077886775135994,0.0,0.008900858461856842,0.003936963155865669,0.15388916432857513,0.18662193417549133,0.19184447824954987,0.09811056405305862,0.0019395087147131562,0.0,0.004974892362952232,0.009893963113427162,0.03609422594308853,0.04308132454752922,0.044144950807094574,0.03975360095500946,0.0006406197790056467,0.0009641958749853075,0.04892003536224365,0.022365719079971313,0.02997519075870514,0.0,0.016472917050123215,0.013662852346897125,0.041256073862314224,0.033315230160951614,0.08108752965927124,0.07813015580177307,0.16508519649505615,0.16804589331150055,0.0,0.003435647115111351,0.0,0.0,0.0065009999088943005,0.0,0.005267031025141478,0.0,0.0,0.0,0.0,0.0
360,12.0,0.004975820891559124,0.0,0.0,0.0,0.0,0.09088105708360672,0.013998347334563732,0.005285758525133133,0.0,0.0,0.0,0.0,0.05519070103764534,0.013211345300078392,0.0,0.007569628302007914,0.0036125059705227613,0.07033025473356247,0.17397741973400116,0.08586236089468002,0.03686279430985451,0.0032081794925034046,0.0,0.01981235109269619,0.02172216959297657,0.02802565135061741,0.03360925614833832,0.053066980093717575,0.04750442877411842,0.003003758145496249,0.0029090128373354673,0.07452281564474106,0.022180210798978806,0.03731032833456993,0.0,0.013244147412478924,0.013050123117864132,0.03268664330244064,0.024728786200284958,0.08207427710294724,0.07960546016693115,0.17341923713684082,0.1762654334306717,0.0,0.0027366112917661667,0.0,0.0,0.008357476443052292,0.0026003976818174124,0.004812108352780342,0.0009163971408270299,0.0,0.0,0.0,0.0
361,12.033333333333333,0.005317087285220623,0.0,0.0,0.0,0.0,0.09238828718662262,0.01419883593916893,0.005481426604092121,0.0,0.0,0.0,0.0,0.057134632021188736,0.013469019904732704,0.0,0.005526421591639519,0.004634651821106672,0.01830284669995308,0.1414087414741516,0.04256825894117355,0.02749001979827881,0.0023822414223104715,0.0,0.018802350386977196,0.02054152451455593,0.02174861542880535,0.02678351104259491,0.046390336006879807,0.04143659770488739,0.0029358724132180214,0.002938133431598544,0.06942074745893478,0.02086040750145912,0.019156627357006073,0.0,0.009408564306795597,0.008898886851966381,0.0264804158359766,0.02007874846458435,0.07891210168600082,0.07600068300962448,0.17981991171836853,0.18249297142028809,0.0,0.002577046398073435,0.0,0.0,0.012198429554700851,0.006482479628175497,0.008544179610908031,0.0052126250229775906,0.0,0.0,0.0,0.0
362,12.066666666666666,0.004214606247842312,0.0,0.0,0.0,0.0,0.09324096888303757,0.014941783621907234,0.004241602029651403,0.0,0.0,0.0,0.0,0.057838622480630875,0.01427176222205162,0.005183333531022072,0.005400263238698244,0.004068133421242237,0.0,0.09674408286809921,0.01676165498793125,0.03581802546977997,0.0016999569488689303,0.0,0.013074593618512154,0.014824382029473782,0.017241179943084717,0.02225259505212307,0.03597456216812134,0.030477775260806084,0.0021372917108237743,0.002195297507569194,0.06701085716485977,0.022409966215491295,0.02179883047938347,0.0,0.012154790572822094,0.009882061742246151,0.017321912571787834,0.01042113732546568,0.06874614208936691,0.06682315468788147,0.18124914169311523,0.18363671004772186,0.0,0.002703943522647023,0.0,0.0,0.014198033139109612,0.008307271637022495,0.009238879196345806,0.006737645715475082,0.0,0.0,0.0,0.0
363,12.1,0.002746188547462225,0.0,0.0,0.0,0.0,0.09437545388936996,0.015834901481866837,0.0025875428691506386,0.0,0.0,0.0,0.0,0.05850207060575485,0.015243394300341606,0.004884460009634495,0.005077476613223553,0.0033974775578826666,0.0,0.06377876549959183,0.0,0.008904668502509594,0.0013513370649889112,0.0,0.012939329259097576,0.014393742196261883,0.012789144180715084,0.01854897290468216,0.029526768252253532,0.02307703159749508,0.0024263097438961267,0.0024233299773186445,0.06011631712317467,0.0238974466919899,0.01856844872236252,0.0,0.00731727946549654,0.003954123705625534,0.014844650402665138,0.00832796934992075,0.061771005392074585,0.058964040130376816,0.1825198382139206,0.18464407324790955,0.0,0.002216053893789649,0.0,0.0,0.017016226425766945,0.010563497431576252,0.011199451051652431,0.008266915567219257,0.0,0.0,0.0,0.0
364,12.133333333333333,0.0015190676786005497,0.0,0.0,0.0,0.0,0.09527665376663208,0.01658833771944046,0.0013222025008872151,0.0,0.0,0.0,0.0,0.05873922258615494,0.01600775308907032,0.009425164200365543,0.005190558265894651,0.002953773131594062,0.0,0.0395624116063118,0.0,0.0,0.0010829862440004945,0.0,0.01797344721853733,0.018533768132328987,0.011695296503603458,0.01828932948410511,0.025743748992681503,0.017856253311038017,0.0038601092528551817,0.003681108122691512,0.05485565960407257,0.028742391616106033,0.018773704767227173,0.0,0.003752670018002391,0.0,0.012562076561152935,0.0060928999446332455,0.05514639616012573,0.0512506365776062,0.18442018330097198,0.18648870289325714,0.0,0.0018752707401290536,0.0,0.0,0.017654651775956154,0.010570192709565163,0.012079975567758083,0.008579579181969166,0.0,0.0,0.0,0.0
365,12.166666666666666,6.332193879643455e-05,0.0,0.0,0.0,0.0,0.095176100730896,0.017574695870280266,0.0,0.0,0.0,0.0,0.0,0.05781254172325134,0.01698239892721176,0.01705009490251541,0.004642019513994455,0.0027979835867881775,0.0,0.02792869694530964,0.0,0.0,0.0007933224551379681,0.0,0.022424442693591118,0.022854365408420563,0.011305419728159904,0.018637765198946,0.022288279607892036,0.013489932753145695,0.005335159134119749,0.005127639509737492,0.0492505244910717,0.0343172550201416,0.018714439123868942,0.0,0.0042305681854486465,0.0,0.011133057065308094,0.005273397546261549,0.043766219168901443,0.03911338746547699,0.18316981196403503,0.18529203534126282,0.0,0.002334959339350462,0.0,0.0,0.015195170417428017,0.007510127499699593,0.012498784810304642,0.008428339846432209,0.0,0.0,0.0,0.0
366,12.2,0.0,0.0,0.0,0.0,0.0,0.09480821341276169,0.019038796424865723,0.0,0.0,0.0,0.0,0.0,0.05648808553814888,0.018445372581481934,0.016165319830179214,0.003536916570737958,0.002017038641497493,0.0,0.021757788956165314,0.0,0.0,0.0005352883017621934,0.0,0.024739423766732216,0.02522183023393154,0.010966609232127666,0.01863759197294712,0.01337357610464096,0.00509874802082777,0.006025443784892559,0.005858717020601034,0.038639169186353683,0.03161453455686569,0.010417393408715725,0.0,0.003759498242288828,0.0,0.008017700165510178,0.003460097359493375,0.03200050815939903,0.026541179046034813,0.17895448207855225,0.18100573122501373,0.0,0.002595866797491908,0.0,0.0,0.011347657069563866,0.003447782015427947,0.015538285486400127,0.010937429033219814,0.0,0.0,0.0,0.0
367,12.233333333333333,0.0,0.0,0.0,0.0,0.0,0.0950537770986557,0.02151820994913578,0.0,0.0,0.0,0.0,0.0,0.05602886155247688,0.02090325765311718,0.009800071828067303,0.0020310140680521727,0.0014803869416937232,0.0,0.022521477192640305,0.0,0.0,0.0013325217878445983,0.0010082240914925933,0.02838347665965557,0.028831040486693382,0.01056150533258915,0.018160223960876465,0.006164252292364836,0.0,0.006260726135224104,0.006120534148067236,0.025208309292793274,0.02389087714254856,0.0008381452644243836,0.0,0.0019471499836072326,0.0,0.0035015475004911423,0.0003247750864829868,0.02191627211868763,0.01530077587813139,0.16771098971366882,0.16976162791252136,0.0,0.006240614224225283,0.0028574876487255096,0.0,0.010884515009820461,0.002878538565710187,0.02079271338880062,0.015579610131680965,0.0,0.0,0.0,0.0
368,12.266666666666667,0.0,0.0,0.0,0.0,0.0,0.09560228884220123,0.023987416177988052,0.0,0.0,0.0,0.0,0.0,0.05584585294127464,0.02338729426264763,0.007217706646770239,0.0011208810610696673,0.0009347012382932007,0.0,0.023982319980859756,0.0,0.0,0.0018699051579460502,0.0015526837669312954,0.032898109406232834,0.033214014023542404,0.011889914982020855,0.019086284562945366,0.004452266730368137,0.0,0.006278640124946833,0.006137987598776817,0.014675097540020943,0.01732233352959156,0.0,0.0,0.0012300717644393444,0.0,0.001541586359962821,0.0,0.014590680599212646,0.0077308351173996925,0.15773364901542664,0.15968886017799377,0.0,0.0077324374578893185,0.004368613939732313,0.0,0.01108572818338871,0.0032720572780817747,0.025643879547715187,0.02033265307545662,0.0,0.0,0.0,0.0
369,12.3,0.0,0.0,0.0,0.0,0.0,0.09601712971925735,0.026144254952669144,0.0,0.0,0.0,0.0,0.0,0.05560145527124405,0.02558499574661255,0.007906452752649784,0.00037649928708560765,0.0006061518797650933,0.0,0.023665811866521835,0.0,0.0,0.002085834974423051,0.0016504289815202355,0.03780273348093033,0.03809298202395439,0.013496654108166695,0.020303552970290184,0.003757947124540806,0.0,0.006336146034300327,0.006211644038558006,0.008908405900001526,0.013917197473347187,0.004766578786075115,0.0,0.000982180004939437,0.0,0.00032683773315511644,0.0,0.009191710501909256,0.0025170843582600355,0.148930624127388,0.15073810517787933,0.0,0.007773406337946653,0.00460493890568614,0.0,0.011104831472039223,0.0037363627925515175,0.029508477076888084,0.02424425631761551,0.0,0.0,0.0,0.0
370,12.333333333333334,0.0,0.0,0.0,0.0,0.0,0.09615974873304367,0.027944372966885567,0.0,0.0,0.0,0.0,0.0,0.055045709013938904,0.02741631492972374,0.008689704351127148,0.0,0.00041254362440668046,0.0,0.022891394793987274,0.0,0.0,0.0021057932171970606,0.001411029021255672,0.041431307792663574,0.041728269308805466,0.014198319986462593,0.020867405459284782,0.003591693937778473,0.0,0.006272339727729559,0.006148185580968857,0.0038153294008225203,0.011349257081747055,0.009358307346701622,0.0,0.0007631299085915089,0.0,0.0,0.0,0.0062291729263961315,0.0,0.14110034704208374,0.14279629290103912,0.0,0.007448543328791857,0.004465142264962196,0.0,0.010694708675146103,0.003468130249530077,0.03188828378915787,0.026495307683944702,0.0,0.0,0.0,0.0
371,12.366666666666667,0.0,0.0,0.0,0.0,0.0,0.09630295634269714,0.0294332392513752,0.0,0.0,0.0,0.0,0.0,0.05458561331033707,0.02891460806131363,0.009068640880286694,0.0,0.0004810089885722846,0.0,0.02421235851943493,0.0,0.0,0.0021350972820073366,0.0013931836001574993,0.04445638507604599,0.04465784877538681,0.014480337500572205,0.02111496962606907,0.003616196569055319,0.0,0.00618864456191659,0.00604648794978857,0.0,0.009211947210133076,0.011480621993541718,0.0,0.0005549112684093416,0.0,6.13681404502131e-05,0.0,0.005787943955510855,0.0,0.13471247255802155,0.13637706637382507,0.0,0.005943207535892725,0.0030256854370236397,0.0,0.010132040828466415,0.0029647904448211193,0.03346816077828407,0.02800779975950718,0.0,0.0,0.0,0.0
372,12.4,0.0,0.0,0.0,0.0,0.0,0.0964442640542984,0.03070230595767498,0.0,0.0,0.0,0.0,0.0,0.05417323485016823,0.03018578141927719,0.009700832888484001,0.0,0.000493044382892549,0.0,0.02490597777068615,0.0,0.0,0.002154216868802905,0.0013302238658070564,0.04646027833223343,0.04668222367763519,0.014511953108012676,0.02118801884353161,0.003701499430462718,0.0,0.006006344687193632,0.005867102183401585,0.0,0.008114933036267757,0.01271235290914774,0.0,0.0005960384733043611,0.0,9.732727630762383e-05,0.0,0.005560554098337889,0.0,0.12937241792678833,0.1310250163078308,0.0,0.004252464976161718,0.0013956832699477673,0.0,0.009514780715107918,0.0023477748036384583,0.03441793844103813,0.02892451360821724,0.0,0.0,0.0,0.0
373,12.433333333333334,0.0,0.0,0.0,0.0,0.0,0.09657448530197144,0.03178509324789047,0.0,0.0,0.0,0.0,0.0,0.053830020129680634,0.03126397728919983,0.010014236904680729,0.0,0.0005018971278332174,0.0,0.025273522362113,0.0,0.0,0.002150460612028837,0.0013008421519771218,0.048434313386678696,0.04862123355269432,0.014416167512536049,0.021093934774398804,0.003776474157348275,0.0,0.0058875479735434055,0.005742527544498444,0.0,0.007362972479313612,0.012805277481675148,0.0,0.0005681273760274053,0.0,0.00016680717817507684,0.0,0.005487337708473206,0.0,0.12511584162712097,0.12677809596061707,0.0,0.002753253560513258,0.0,0.0,0.00900986511260271,0.0018644066294655204,0.03526165336370468,0.02977648191154003,0.0,0.0,0.0,0.0
374,12.466666666666667,0.0,0.0,0.0,0.0,0.0,0.09677533805370331,0.032624755054712296,0.0,0.0,0.0,0.0,0.0,0.05368604138493538,0.03210185468196869,0.01026508305221796,0.0,0.0004820624308194965,0.0,0.025960825383663177,0.0,0.0,0.0021406556479632854,0.001303897355683148,0.0498521588742733,0.04999537393450737,0.01418951153755188,0.02083568088710308,0.003846270963549614,0.0,0.005725299473851919,0.005572986789047718,0.0,0.007270177826285362,0.01358603686094284,0.0,0.0006128146196715534,0.0,0.0002819380897562951,0.0,0.0053473408333957195,0.0,0.12271636724472046,0.12441740185022354,0.0,0.0024631295818835497,0.0,0.0,0.008742522448301315,0.0016373166581615806,0.03587494418025017,0.030452100560069084,0.0,0.0,0.0,0.0
375,12.5,0.0,0.0,0.0,0.0,0.0,0.09631812572479248,0.0334644541144371,0.0,0.0,0.0,0.0,0.0,0.052892476320266724,0.0329611599445343,0.01126590184867382,0.0,0.0004332826647441834,0.0,0.026202641427516937,0.0,0.0,0.0020394495222717524,0.001157448161393404,0.049907565116882324,0.05008953809738159,0.013455765321850777,0.020066825672984123,0.003920404706150293,0.0,0.005444178823381662,0.005294413771480322,0.0,0.00731489947065711,0.01518313493579626,0.0,0.0006658309139311314,0.0,0.0005034709465689957,0.0,0.005139639601111412,0.0,0.11863897740840912,0.12024766206741333,0.0,0.0024058702401816845,0.0,0.0,0.007909114472568035,0.0007731490768492222,0.03453485667705536,0.029067207127809525,0.0,0.0,0.0,0.0
376,12.533333333333333,0.0,0.0,0.0,0.0,0.0,0.09563235193490982,0.03419364243745804,0.0,0.0,0.0,0.0,0.0,0.05193097144365311,0.0337098129093647,0.012228942476212978,0.0,0.0003992561250925064,0.0,0.026568589732050896,0.0,0.0,0.0019358489662408829,0.0009779195534065366,0.04954938217997551,0.04982437565922737,0.012588270008563995,0.019116923213005066,0.0038656191900372505,0.0,0.005160977598279715,0.005027834326028824,0.0,0.007317576557397842,0.017057375982403755,0.0,0.0006630201241932809,0.0,0.000569016847293824,0.0,0.005044336896389723,0.0,0.11449430882930756,0.11601121723651886,0.0,0.0022424987982958555,0.0,0.0,0.007333952933549881,0.00023883802350610495,0.03303885832428932,0.02753676474094391,0.0,0.0,0.0,0.0
377,12.566666666666666,0.0,0.0,0.0,0.0,0.0,0.09471189975738525,0.034838538616895676,0.0,0.0,0.0,0.0,0.0,0.05074591189622879,0.03437352553009987,0.012724285013973713,0.0,0.0004252984363120049,0.0,0.027868961915373802,0.0,0.0,0.0018498953431844711,0.000822902366053313,0.04960956797003746,0.04996884614229202,0.011895084753632545,0.018341992050409317,0.0037525324150919914,0.0,0.00497491005808115,0.0048598637804389,0.0,0.006909925956279039,0.0176499392837286,0.0,0.0005621889722533524,0.0,0.00047752130194567144,0.0,0.005026729311794043,0.0,0.1103634312748909,0.11182436347007751,0.0,0.002130586188286543,0.0,0.0,0.006979434750974178,0.0,0.031891729682683945,0.026403209194540977,0.0,0.0,0.0,0.0
378,12.6,0.0,0.0,0.0,0.0,0.0,0.09376256167888641,0.03535906970500946,0.0,0.0,0.0,0.0,0.0,0.04957810416817665,0.034901976585388184,0.013249927200376987,0.0,0.0003999164036940783,0.0,0.02880075015127659,0.0,0.0,0.0018074734834954143,0.000749787432141602,0.04967227205634117,0.0501062236726284,0.011242546141147614,0.017671268433332443,0.0037242991384118795,0.0,0.004825426731258631,0.004723331891000271,0.0,0.0064650606364011765,0.018229825422167778,0.0,0.0005693410057574511,0.0,0.000492063001729548,0.0,0.004992830101400614,0.0,0.1069789007306099,0.10841328650712967,0.0,0.0019851778633892536,0.0,0.0,0.006927710957825184,0.0,0.031070604920387268,0.025586241856217384,0.0,0.0,0.0,0.0
379,12.633333333333333,0.0,0.0,0.0,0.0,0.0,0.09297111630439758,0.03581962361931801,0.0,0.0,0.0,0.0,0.0,0.0486714243888855,0.03536596521735191,0.013537672348320484,0.0,0.0004016188904643059,0.0,0.029727503657341003,0.0,0.0,0.0017849327996373177,0.0007106511620804667,0.05003304034471512,0.050516415387392044,0.010836693458259106,0.01721413992345333,0.0036262671928852797,0.0,0.004732081666588783,0.004641841631382704,0.0,0.005949067417532206,0.018154436722397804,0.0,0.0005367494886741042,0.0,0.0004240036942064762,0.0,0.005004829727113247,0.0,0.10420102626085281,0.10562409460544586,0.0,0.0018556478898972273,0.0,0.0,0.006894511636346579,0.0,0.0307148490101099,0.025270018726587296,0.0,0.0,0.0,0.0
380,12.666666666666666,0.0,0.0,0.0,0.0,0.0,0.09216320514678955,0.03618261218070984,0.0,0.0,0.0,0.0,0.0,0.047700926661491394,0.035733286291360855,0.013657917268574238,0.0,0.00038560759276151657,0.0,0.030413350090384483,0.0,0.0,0.0017779205227270722,0.0006844970630481839,0.05076976493000984,0.05125116929411888,0.010696803219616413,0.01707024686038494,0.0035317069850862026,0.0,0.00467829592525959,0.004589890595525503,0.0,0.0051020048558712006,0.016449492424726486,0.0,0.0004049173148814589,0.0,0.00024371249310206622,0.0,0.005081911105662584,0.0,0.10196898132562637,0.10338092595338821,0.0,0.0017083149868994951,0.0,0.0,0.006845184601843357,0.0,0.03081195056438446,0.025382185354828835,0.0,0.0,0.0,0.0
